,tweet_text,emotion_in_tweet_is_directed_at,is_there_an_emotion_directed_at_a_brand_or_product,sentiment_target
0,".@Wesley83 Ich habe ein 3G -iPhone.Nach 3 Stunden twitterte es bei #Rise_austin, es war tot!Ich muss upgraden.Plugin -Stationen bei #SXSW.",iPhone,Negative emotion,0
3,"@SXSW Ich hoffe, das diesjährige Festival ist nicht so unklar wie die diesjährige iPhone -App.#SXSW",iPad or iPhone App,Negative emotion,0
17,"Ich habe gerade bemerkt, dass DST dieses Wochenende kommt.Wie viele iPhone -Nutzer werden am Sonntagmorgen eine Stunde später bei SXSW sein?#SXSW #iphone",iPhone,Negative emotion,0
38,@mention - Falschalarm: Google -Kreise kommen jetzt nicht. Und wahrscheinlich nie?- {link} #google #circles #social #sxsw,Google,Negative emotion,0
62,Wieder?RT @mention Line im Apple Store ist verrückt. #Sxsw,,Negative emotion,0
65,Besucher @mention iPad Design Headschmerzen #sxsw {link}},iPad,Negative emotion,0
66,"Boooo!RT @mention Flipboard entwickelt eine iPhone -Version, nicht Android, sagt @mention #SXSW",,Negative emotion,0
90,Was !?!?@mention #sxsw liefert keine iPhone -Ladegeräte?!?Ich habe meine Meinung über das nächste Jahr geändert!,iPhone,Negative emotion,0
101,"Kennen Sie das ""Dataviz & quot;übersetzt in ""satanische"" ""Auf einem iPhone.Ich sage ja nur'.#SXSW",,Negative emotion,0
163,Ernsthaft #SXSW?Haben Sie Tests in den mobilen Apps durchgeführt?Ständige iPad stürzt ab und verursachen verlorene Zeitpläne und keine Synchronisierung für WP7.,iPad or iPhone App,Negative emotion,0
165,iPad2 und #sxsw ... ein Brand der Doofusness.{Verknüpfung},iPad,Negative emotion,0
173,"Sie haben $ 1.000+ ausgegeben, um nach SXSW zu kommen.

Sie haben bereits iPad 1 verwendet.

Das Warten sind ein paar Stadtblöcke.

Wieso den?#iPad2 #SXSW {Link}",iPad,Negative emotion,0
182,"Ich bin bis zu 2 iPad 2s in freier Wildbahn.Beide Leute sagen, es ist schnell, aber die immer noch Bilder sind schrecklich.#SXSW",iPad,Negative emotion,0
224,"Wenn sich iPhone alarmiert, wie viele #SXSW'ers Freak?Spät zu Flügen, verpasste Panels, hinter Bloody Marys ...",iPhone,Negative emotion,0
227,"Ich meinte, ich wünschte auch, ich bin bei #sxsw #dyac Dummes iPhone!",iPhone,Negative emotion,0
252,"Fand die App Kyping die Geolokalisierung meines iPhone & amp;nicht im Hintergrund freigeben.Benötigen Sie einen Patch, @mention #batterykiller #sxsw",iPad or iPhone App,Negative emotion,0
259,Natürlich baute Apple in Austin einen Tempor.Es ist Texas.Sie verstehen das Konzept der Korallung von Vieh #sxsw #pickMeupanipad2,Apple,Negative emotion,0
268,���@Erwähnung Apple eröffnet ein temporäres Geschäft in der Innenstadt von Austin für #SXSW und das iPad 2 Start & quot;Oh yay mehr Verkehr.,Apple,Negative emotion,0
280,"""Der Apple Store im Einkaufszentrum am Sonntag ist 10x so überfüllt.Diese Zeile ist falsch.Ich brauche nur einen verdammten Dongle. & Quot;Genius lass mich rein. #Sxsw",Apple,Negative emotion,0
293,iPad News -Apps 'SO letztes Jahr' bei #sxsw {link},iPad or iPhone App,Negative emotion,0
313,Ich habe bei #SXSW Interactive: & quot; arg!Ich hasse das iPhone!Ich möchte meinen Blackberry zurück & quot;#schockiert,iPhone,Negative emotion,0
315,"���@Erwähnung bei #sxsw: & quot; Apple kommt mit cooler Technologie, von der niemand jemals gehört hat",Apple,Negative emotion,0
324,Hörte bei MDW (und ich werde es zum zweiten Mal über meinen iPhone -Akku durchführen und ich habe das Flugzeug nicht einmal in #SXSW & quot gebeten.#amateurhour,iPhone,Negative emotion,0
339,"Sie nahmen die Lego -Grube weg, ersetzten sie aber durch eine Aufladungsstation;) #SXSW und ich könnten die Preise für ein iPhone überprüfen - Mist Samsung Android",Android,Negative emotion,0
341,".@Erwähnung Bad Apple: Spät, QS Der Prozess, poo-poos ideen, verlässt früh.Kann sogar ""ich bin zu kreativ"" sein ""oder beschäftigt #gamestorming #sxsw",Apple,Negative emotion,0
343,"Der Versuch, den Strombedarf auf dem iPhone vs iPad bei #SXSW auszugleichen.Dieses 3G -iPad saugt es schnell aus.Könnte einen Flugzeugmodus haben.",iPad,Negative emotion,0
346,Mein iPhone -Akku kann mit meinen Tweets nicht Schritt halten!Danke Apple.#SXSW #Precommerce,iPhone,Negative emotion,0
356,"���@Erwägen Sie das Beste, was ich dieses Wochenende bei #SXSW & quot; ich mein iPad 2 Geld an #japan Relief gegeben habe.Ich brauche kein iPad 2. & quot;@erwähnen",iPad,Negative emotion,0
362,Google vs Bing auf #BetterSearch.Bing hat einen Erfolg auf Erfolg mit strukturierter Suche.Potenziell höhere Margin -CPA -Modell gegen #google.#SXSW,Google,Negative emotion,0
394,"iPad 2 kommt bei #SXSW heraus, ich schätze, Apple ist ziemlich verzweifelt, es aufmerksam zu machen.",Apple,Negative emotion,0
406,Sendungen Daily-Folgen Sie @mention #APLETXDT 4 Updates RT @mention Pop-up Apple Store scheint nicht in Pop-up-iPad2s zu sein.#SXSW,,Negative emotion,0
410,Das iPhone ist tot.Finden Sie mich auf dem geheimen Batphone #SXSW.,iPhone,Negative emotion,0
431,"Warum Barry Diller der Meinung ist, dass nur iPad Inhalt ist, ist muts @mention #sxsw @mention {link} @mention",iPad,Negative emotion,0
434,In Japan: DOCOMO stellte sechs Jahre vor Apple mit App Store mobile Apps vor.#JPMobileSummit #sxsw,Apple,Negative emotion,0
445,"Herrgüter, die sich über ein Apple-Pop-up über ein Gold-Fitnessstudio handeln.Erkennst du dir, wie un-jobs-ästhetisch das ist?#SXSW #Apple",Apple,Negative emotion,0
485,"Ich muss einen besseren #SXSW -Stream finden, um zu folgen.Die wahnsinnigen iPad 2 Tweets sind sicherlich nicht das, worum es in Southby geht",iPad,Negative emotion,0
526,"Austin wird voll und #SXSW ist im Gange.Ich kann es erkennen, weil mein iPhone ein zeitweiliger Ziegelstein ist.#überlaufen",iPhone,Negative emotion,0
551,Länge der Google -Strafe basierend auf der Schwere des Verstoßes gegen Webmaster -Richtlinien.d.h.White Text auf weißem BGR könnte 30 Tage Stift bekommen.#SXSW #qagb,,Negative emotion,0
557,"���@Erwägen Sie Google, um ein großes neues soziales Netzwerk namens Circles zu starten, möglicherweise heute {link} #sxsw� ۝
Es wird Myspace nie schlagen.",Other Google product or service,Negative emotion,0
607,"Hey #SXSW, wie hoch die Spende all diese $ Ihre Ausgaben für das neue #ipad nach Japan.Benötigen Sie wirklich das Ding?",iPad,Negative emotion,0
615,".@Erwähnt ich habe ein 3G -iPhone.Nach 3 Stunden twitterte es bei #Rise_austin, es war tot!Ich muss upgraden.Plugin -Stationen bei #SXSW.",iPhone,Negative emotion,0
616,".@Erwähnt Ich habe das Gefühl, dass #SXSW der schlechteste Ort sein wird, um es zu versuchen.Holen Sie sich ein iPad 2- Jeder wird versuchen, eines zu bekommen.#Techiesunite",iPad,Negative emotion,0
626,"Ich dachte, ich würde mein iPad während #SXSW viel verwenden, aber ich habe es noch nicht einmal berührt.Hmmzies.",iPad,Negative emotion,0
656,"Google interessiert sich für Standort -basierte Technologie für Indoor -Veranstaltungsorte - Unternehmen, Kongresszentren usw. muss sich zunächst verbessern.#SXSW",Google,Negative emotion,0
670,"Das erste iPad existierte hier letztes Jahr nicht einmal und ich habe bereits das Gefühl, jedes Mal, wenn ich mein iPad #sxsw #iPad2 verwende",iPad,Negative emotion,0
675,"Shoot, mein iPad zeigt keine Suchergebnisse an :( muss später Fragen durchgehen #OSMPW #SXSW",iPad,Negative emotion,0
678,"Die #SXSW iPhone App verspottet mich.Als hätte ich das Geld, um da zu sein - komm schon.",iPad or iPhone App,Negative emotion,0
679,"Die #SXSW iPhone App ist eine der schlechtesten, die ich seit langer Zeit verwenden musste.",iPad or iPhone App,Negative emotion,0
686,Das iPhone Twitter Auto -Verkürzung von Links für mich absetzen.#SXSW,iPad or iPhone App,Negative emotion,0
692,Mein iPhone ist überhitzt.Warum gibt es in Texas so viele britische Leute?#SXSW,iPhone,Negative emotion,0
699,"Mein iPhone wilgt unter dem Stress, bei #SXSW zu sein.",iPhone,Negative emotion,0
718,"Mehr als nur Ort, PixieEngine!RT @mention Google sagt, die Zukunft sei Standort, Ort, Ort: {Link} #sxsw #cnn",Google,Negative emotion,0
724,"iPhone, ich weiß, dass diese #SXSW-Woche für Ihren bereits schwindenden Akku schwierig sein wird, aber helfen Sie mir JEBUS, wenn Sie meine Fluchwörter immer wieder korrigieren.",iPhone,Negative emotion,0
734,"Google, um ein neues neues soziales Netzwerk namens Circles (aktualisiert) {link} *nicht auf #SXSW gestartet zu haben, aber bald.Kümmert mich das?",Other Google product or service,Negative emotion,0
797,"Google, um Produkt zu starten!Warten Sie, keine Einführung, aber das Produkt gibt es.Warten Sie, Produkt existiert nicht!#sxsw {link}",Google,Negative emotion,0
811,"Gott, es ist wie bei #SXSW - habe iMac, MacBook, iPhone und Blackberry mich alle an.Genügend!Zeit, ein Buch zu lesen - erinnerst du dich an die?",iPhone,Negative emotion,0
813,"Ha, scheint es so -& gt;���@Erwäftern Sie die einzigen Nachrichten bei SXSWI waren Apples temporärer iPad Store?#SXSW #WTH? � ۝",Apple,Negative emotion,0
878,Das Kompilieren meiner #SXSW -Liste in einem Google -Dokument dauert viel länger als ich dachte ... so viele Parteien.So viele gute Musiker.,Other Google product or service,Negative emotion,0
879,"Tag 1 und mein Ladegerät trat den Eimer.Wo zum Teufel ist der Apple Store, der zu Fuß erreichbar ist?#SXSW",Apple,Negative emotion,0
882,Mit nur meinem iPhone und meinem iPad auf mir fühle ich mich im Vergleich zu allen anderen sehr unglaublich.Dang!#SXSW,iPhone,Negative emotion,0
886,"Hm?Brauchen wir noch 1?RT @mention Google, um ein großes neues soziales Netzwerk namens Circles zu starten, möglicherweise heute {link} #SXSW",,Negative emotion,0
904,"Google startet während #SXSW nichts, nur feiern {link} #circles",,Negative emotion,0
912,"& quot; alle #SXSW sind nichts anderes als ein wimmendes Meer von iPhone -Süchtigen, die zu beschäftigt sind, um jemals mit einem anoth��_ (Forts) {Link} in Kontakt zu treten",iPhone,Negative emotion,0
913,"Kein Fan eines neuen #SXSW -Trends - Publikum, die Meinungen über das Halten eines iPad teilen.Nicht hier, um dir zuzuhören.#ärgerlich",iPad,Negative emotion,0
926,Laut Tomlinson von TX Observer ist Apple -Abonnementdaten für den Erfolg das größte Hindernis für den Erfolg.#Newsapps #sxsw,Apple,Negative emotion,0
949,"@mention pack einen Punkt, indem es die iPhone -Fragmentierung #SXSW zeigt",iPhone,Negative emotion,0
967,"Ich verließ meinen Taschenführer im Hotel.Ich weiß nicht, wie ich damit umgehen werde.Was sagt das über die Benutzerfreundlichkeit der iPad/iPhone -App aus?#SXSW",iPad or iPhone App,Negative emotion,0
985,.@Erwähnungsproblem mit Google Living Stories war der Prozess des Erstellens von Inhalten nicht änderte sich nicht - nur eine Schnittstelle.#hacknews #sxsw,Other Google product or service,Negative emotion,0
994,Brilliant Read: Achtungsmarkter und Medienfachleute: Das iPad wird Sie nicht von @mention {link} #Usguys #sxsw retten,,Negative emotion,0
1014,"LAHM.Rt @mention & quot; ... nach dem Gesetz der Durchschnittswerte, besser als Buzz & quot;RT @mention & quot; Google Circles wird ______ & quot sein;#SXSW",Other Google product or service,Negative emotion,0
1021,NEU #SXSW REGEL: Nicht mehr über Ihr neues iPad.Wir verstehen es.Es ist keine große Sache.Jeder hat jetzt einen ... :-),iPad,Negative emotion,0
1029,"Mein iPhone sagt, es kann keine Verbindung zum Internet herstellen, obwohl #SXSW WiFi auf meinem Computer hervorragend funktioniert.Irgendwelche Vorschläge?",,Negative emotion,0
1051,F: Warum haben soziale Websites wie lecker oft bessere Ergebnisse als Google oder Bing?#qagb #sxsw,Google,Negative emotion,0
1081,"Lesen Sie einfach, dass #Apple am Release -Tag bei #SXSW verkauft wird.Guter Herr, der Wirbel der Selbstgefälligkeit an diesem Tag mag unerträglich sein.",Apple,Negative emotion,0
1099,����@Erwägen Sie die 10 gefährlichsten iPhone -Apps.#sxsw {link},iPad or iPhone App,Negative emotion,0
1134,"Also ging ich den ganzen Tag mit meinem Laptop & amp;Ich habe gerade mein iPad 1. Dinge verwendet, die ich verpasst habe: FTP, CloudApp, schnelles Tippen & amp;Skype.#ipad #sxsw",iPad,Negative emotion,0
1137,"Sie denken, es würde eine #SXSW -App für Blackberry geben.Gerade als ich das iPhone den Finger gab!Ich schätze, ich muss ein iPad mitnehmen.LAHM",iPhone,Negative emotion,0
1147,Die Leute in diesem Apfelgeschäft riechen nicht ... großartig.#SXSW #herework #noTheipad2,Apple,Negative emotion,0
1165,"Vielen Dank an @mention, dass ich ein Auto zum Apple Store testen durfte.Jetzt hoffen wir, dass sie mein Telefon reparieren können !!#SXSW",Apple,Negative emotion,0
1205,"Deshalb können wir Google an einem anderen Tag an einem anderen Tag fehlschlagen, in okay, keine Google Circles, die heute bei #SXSW debütieren",Google,Negative emotion,0
1232,Kenne ich dich?Warum verkaufst du mich an mich!Wir haben noch nie gesprochen.Ich hasse jetzt dein Produkt!Rt @mention schau dir heyo 4 iPhone #sxsw #sxswi an,iPhone,Negative emotion,0
1237,Apple Pop -up Store ... Linie ist lächerlich.#sxsw {link},Apple,Negative emotion,0
1238,"Versuchen Sie, Software (4.0) auf dem iPhone zu aktualisieren, um die #SXSW -App herunterzuladen.Aber bisher kein Glück - fragen Sie sich, ob es daran liegt, dass das Telefon aus Mexiko stammt.",,Negative emotion,0
1239,Def könnte heute ein iPad für #SXSW verwenden.Tweeten über das iPhone Sorta so ziemlich Sux.,iPhone,Negative emotion,0
1252,"Leugnen Sie eine Rückgabe von #SocialFuel #SXSW, um den großen Unterschied zu sehen.",Google,Negative emotion,0
1260,��� Warum sind wir besser als #google?��_ {link} ��_ #edchat #musedchat #sxsw #sxswi #classical #newtwitter,,Negative emotion,0
1273,"Wenn #Apple nicht so übermütig wäre, wäre vielleicht ein separates iPad2 -Geschäft bei #SXSW eine gute Idee gewesen.Ich denke, sie brauchen nicht das zusätzliche Marketing;)",Apple,Negative emotion,0
1289,"Angewidert von der Akkulaufzeit meines iPhone.Bereits um 11% um 15:30 Uhr, während mein Blackberry stark ist.#SXSW",iPhone,Negative emotion,0
1300,"Gerade als Sie dachten ""soziale"" ""In #SXSW konnte Google nicht mehr übertrieben werden.Heute: {link}",Other Google product or service,Negative emotion,0
1309,@mention - #Apple ist die klassische faschistische Firma in Amerika.Wirklich elegant.#SXSW #RJI,Apple,Negative emotion,0
1339,"Lost iPad, beschädigte iPhone und verrückte Hotels.Gute Zeiten.#SXSW @mention AUS Austin-Bergstrom {Link}",iPhone,Negative emotion,0
1342,"Mittags das iPhone bei Mid-Battery.Diese Steckdose, die von einem unbeweglichen Stand blockiert wird, erfüllt keinen Zweck, als mich zu verspotten.#Sxsw {link}",iPhone,Negative emotion,0
1378,SXSW 2011: Neuheit der iPad News Apps verblasst schnell unter den digitalen Delegierten {link} über @mention #sxsw xipad,iPad or iPhone App,Negative emotion,0
1402,"So wahr!!!RT @mention 'Google hat seinen Weg verloren, indem er sich zu viel für das Geschäft im Vergleich zu den Benutzern kümmerte - @mention #psych #sxsw",Google,Negative emotion,0
1422,Shite App.:( RT @mention New #uBerocial for #iphone Now im App Store enthält Uberguide zu #SXSW SPONSO��_ (cont) {link},iPad or iPhone App,Negative emotion,0
1453,"Ich weiß, dass es #SXSW ist, weil mein iPhone mich über seine Signalstärke belogen hat.",iPhone,Negative emotion,0
1460,"@mentions Nexus S on T-Mobile ist 10x nützlicher als mein iPhone4 auf AT & amp; t bei #SXSW.Liegt es daran, dass zu viele Leute iPhone haben?",iPhone,Negative emotion,0
1469,Hmm ... können keine Twitter -Suche in Hootsuite oder TweetDeck auf dem iPad aktualisieren lassen.#SXSW,iPad or iPhone App,Negative emotion,0
1492,"@mention @mention @mention @mention Paper Phones?Bedeutet, dass ein iPad bei #SXSW wahrscheinlich auch nutzlos sein wird.#scheitern",iPad,Negative emotion,0
1614,"@mention & quot; Ich habe seit über 11 Jahren bei Google gearbeitet, also habe ich viel Böse gesehen. & quot;#qagb #sxsw",Google,Negative emotion,0
1686,Bei #SXSW #tapworthy iPad Design -Kopfschmerzen - Vermeiden Sie die Fallstricke der neuen Designherausforderungen,iPad,Negative emotion,0
1691,Disaster = iPhone starb mitten in #SXSW ... kann nicht funktionieren.Auf dem Weg zum Apple Store.,iPhone,Negative emotion,0
1699,Das iPad 1 ist so 11. März 2011 16:59 PST.#SXSW,iPad,Negative emotion,0
1702,Nicht einmal 10 Uhr hier in Austin und mein iPhone -Akku ist bei 54% - Scheiße #SXSW #Notevenstartedyet,iPhone,Negative emotion,0
1753,"Apple ist eine egoistischere Marke als Microsoft, aber es hat seine Marke gut gedient.#SXSW",Apple,Negative emotion,0
1788,"@mention, kurz um bei #SXSW über Fehler zu sprechen, die #netflix #iphone App erstellen",,Negative emotion,0
1791,Verdammte Mac -Benutzer ..... {Link} #SXSW CWebb iPad Grant Hill,Apple,Negative emotion,0
1836,"Google Brain Entschuldigungen für Randy -Anzeigen, die mit Suchergebnissen auftauchen.Der Algorithmus hat sich am Wochenende von Randy -Fragen von #SXSW -Teilnehmern verdrängt.",,Negative emotion,0
1838,2+ Stunden Warte im provisorischen Apple Store für iPad 2. #fail #sxsw,Apple,Negative emotion,0
1843,"Es ist nicht sinnvoll, den Inhalt auf eine bestimmte Plattform zu beschränken. Wenn es sich auf dem iPad befindet",iPad or iPhone App,Negative emotion,0
1846,"Guy Kawasaki ""Ich glaube an Gott, weil es im Laufe der Jahre keine andere Erklärung für das kontinuierliche Überleben von Apple gibt."".Lol #sxsw",Apple,Negative emotion,0
1860,"GroupMe spricht über die Genehmigungsleistung von Apple App Store - es würde eine große Gruppe von Menschen geben, die dem zustimmen würden!#WHOWILLRISE #SXSW",Apple,Negative emotion,0
1861,"Es ist nicht alles Apfelliebe hier bei #sxsw.Hörte ziemlich viel Murren darüber, die Funktionen auf dem iPad 1 zurückzuhalten, damit die Leute V2 kaufen müssten.",Apple,Negative emotion,0
1862,"Warum sind all die #Android -Meetups hier in #Austin, wenn ich bei der Arbeit bin?Zumindest gibt es das PS -Meetup #SXSW",Android,Negative emotion,0
1893,"Nicht mit einem iPad 2 für die nach hinten gerichtete Kamera, hier ist, was Sie erhalten: {link} #sxsw",iPad,Negative emotion,0
1918,"@mention Android benötigt eine Möglichkeit, Apps zu gruppieren, wie Sie es jetzt mit iPad/iPod tun können.#SXSW #HHRS",Android,Negative emotion,0
1926,"Lonely Planet veröffentlicht die kostenlose iPhone -App von Austin City Guide für #SXSW.Als ob es nicht genügend Apps gibt, die Ihr Mobilteil überladen.",iPad or iPhone App,Negative emotion,0
1934,@mention Ein weiteres Google -soziales Versagen?#SXSW,Google,Negative emotion,0
1944,"Gibt es eine Möglichkeit, eine App zu löschen, die nicht aufhört, das iPhone zu laden?Meine Macht abtropfen, aber kein 'x', um abzusagen.Hilf mir, #SXSW.",iPad or iPhone App,Negative emotion,0
1952,Ein großes #Apple iOS -Update am Tag vor #SXSW?Welcher Genius -Projektmanager hat diese brillante Idee entwickelt?#Nowhammies,Apple,Negative emotion,0
1955,@mention Apple Pop-up Store bei #SXSW war 5 Blocks lang!#BetterThingStodo,Apple,Negative emotion,0
1958,Warteschlange im Apple Pop-up Store bei #SXSW Still Long!,,Negative emotion,0
1972,Komm schon #Apple!Warum kann ich nicht ohne automatische Korrektur eine Zauberprüfung haben?Muss es alles oder nichts sein?#Grrr #sxsw,Apple,Negative emotion,0
1999,"@Mistriction Arg.Es wird nicht auf mich iPhone geladen.Nicht über den App Store oder die Website.Ich versuche nur, es zu #SXSW und fühle mich so nicht in Kontakt.",iPhone,Negative emotion,0
2000,"musste das #iphone alle 6 Stunden hier auf #SXSW aufladen.Ausführen auf dem niedrigstmöglichen Bildschirmhelligkeit.Apple, beheben Sie Ihre Grundlagen!",iPhone,Negative emotion,0
2026,Ist die Flash -Diskussion noch relevant?#SXSW #tapworthy iPad Design Kopfschmerzen,,Negative emotion,0
2029,"Guy hat gerade Google's Mayer gefragt: Es kann ein Jahr dauern, tödliche Routen von Google Maps zu entfernen, wie beispielsweise über Death Valley #SXSW",Other Google product or service,Negative emotion,0
2034,"NYT, WSJ AT #SXSW ASS: Gibt es eine Zukunft für Marken -native Nachrichten -Apps auf dem iPad?{link} / nein da ist nicht !!",iPad or iPhone App,Negative emotion,0
2135,Marissa Mayer: Google Maps sollte einen besseren Kundenservice und schnellere Antworten haben.#SXSW #fh,Other Google product or service,Negative emotion,0
2146,"Nichts sagt Duuchekuchen wie mit einem iPad herumzulaufen, als wäre es ein iPhone #SXSW",iPad,Negative emotion,0
2149,"Wirklich erstaunlich, wenn so viele Leute bei #SXSW auf dem iPad auf dem iPad auf dem iPad eingesetzt werden",iPad or iPhone App,Negative emotion,0
2150,"Wirklich erstaunlich, wenn so viele Leute auf dem iPad auf #SXSW: {link} mit Apples Notizen -App auf dem",iPad or iPhone App,Negative emotion,0
2170,"@mention Beste, was ich bei #sxsw & quot; Ich habe mein iPad 2 Geld an #japan Relief gegeben.Ich brauche kein iPad 2. ( @Erwähne @mention #sxswgood",iPad,Negative emotion,0
2178,Zu zitierbar -& gt;Rt ���@erwähne & quot; Apple ist das eleganteste faschistische Unternehmen in Amerika. & Quot;#Flip-Board #sxsw,Apple,Negative emotion,0
2181,"Wird jemand eine App schreiben, mit der ich konsequent ""Scheiße"" eingeben kann?Auf meinem verdammten iPhone?Hey #sxsw ... springe darauf.",iPhone,Negative emotion,0
2204,"Sollte ich am Starttag ein iPad für @mention im maceshift #sxsw Apple Store kaufen?Fick nein, ich respektiere ihn zu sehr ... #WWSXSW",iPad,Negative emotion,0
2207,"Der Spaziergang von Lady Bird Lake war sehr schön, aber die Reisezeiten von Google Maps sind nicht zu vertrauen.#SXSW",Other Google product or service,Negative emotion,0
2221,"Der iPad Calendar = das Frankeninterface.Als eine Schnittstellenmetapher entworfen, verwendet aber eine andere.#tapworthy #sxsw",,Negative emotion,0
2238,"#SXSW #Echantment: @mention & quot; verkaufen Sie Ihren Traum.Steve Jobs sagt nicht: Das iPhone kostet $ 188 an Teilen+AT & amp; t, hergestellt von PPL in Suicidal Chinese",iPhone,Negative emotion,0
2252,"Ich habe gerade den Pop-up Apple Store bei #SXSW gestartet.Es ist unser ""Vintage"" ""Ladenformat: Meistens iPods und snarky Mitarbeiter.Ah, die guten alten Zeiten.",Apple,Negative emotion,0
2255,"Dumme Technologie!Sie versagen immer zu wichtigen Zeiten!Bei #SXSW mit einem iPhone, Laptop und Blackberry und das einzige, was funktioniert, ist mein Stift.",iPhone,Negative emotion,0
2261,"Es ist offiziell: Leute, die das iPad 2 verwenden, um Fotos zu machen, sehen einfach komisch aus.#SXSW",iPad,Negative emotion,0
2268,"Ziemlich aufgeregt, dass mein iPhone nicht mehr funktioniert #sxsw #AT & amp; t",iPhone,Negative emotion,0
2293,"Versuchen Sie 2, überzeugen Sie @mention 2 den Start von Google Social Network unter #SXSW.Ich wusste nicht, dass es eine Komödie geben würde?!",Other Google product or service,Negative emotion,0
2302,Der Datenkrise bei #SXSW lähmt Google Voice.Zurück zu regulären SMS gehen wir ...,Other Google product or service,Negative emotion,0
2304,Erwarten Sie mehr heimtückischere Ansätze wie Apple -Abonnements.Rt @mention {link}.Schändlich.#libraries #sxsw,Apple,Negative emotion,0
2314,"#flipboard - Wenn die BLDG -App für AppStore, benötigt Ganzheitliche MKTG -Bewusstsein, P.R.Strategie zur Förderung der Akzeptanz stützt sich nicht nur auf Apple.#RJI #SXSW",,Negative emotion,0
2319,"Ich komponierte einen Tweet, der so acerbisch und zynisch über iPad -Benutzer, dass mein Telefon abgestürzt und alle meine Apps abgeladen hat.#TwitterPower #SXSW #imThatGood",iPad,Negative emotion,0
2325,"Google und Bing treffen sich im letzten Monat bei #SXSW nach ihren Liebhabern, aber es scheint enttäuschend freundlich gewesen zu sein {Link}",Google,Negative emotion,0
2326,Google und Bing Page Rank Panel sind lächerlich überfüllt.Ist Al Franken oder Justin Timberlake hier?#sxsw {link},Google,Negative emotion,0
2333,"Haupt -iPad -Design -Fehler: Die SXSW Go iPad App.Es bleibt nicht offen, wenn Sie Apps wechseln!#ipaddesignheadaches #sxsw",iPad or iPhone App,Negative emotion,0
2349,Sie sollten das wahrscheinlich weglegen ... RT @mention auf der Android -Party und irgendwie peinlich von meinem iPhone #SXSW,iPhone,Negative emotion,0
2364,"So verärgert sich über #SXSW -Zeitplan -App mit schlechtem #UI für iPad.Meine Finger sind nicht so fett, ihr alle.",iPad or iPhone App,Negative emotion,0
2385,Der verbotene Apfel wurde verwöhnt!Es lebe #samsung!Sie rocken den #SXSW & amp;#SXSWIs Welt.,Apple,Negative emotion,0
2417,"ist ein bisschen enttäuscht, dass die beiden iPad -Gespräche so viele überlappende Beispiele #SXSW hatten",Apple,Negative emotion,0
2433,"Feste Tipp ist kein iPhone douche. Puten Sie Ihr Telefon weg und sprechen Sie mit Ihren Kollegen in Zeilen usw. alle guten Leute, die Film lieben.#SXSW",iPhone,Negative emotion,0
2443,Auf der Android -Party und irgendwie peinlich von meinem iPhone #SXSW,iPhone,Negative emotion,0
2460,"Kann jemand die mobilen Apps #SXSW zum Laufen bringen?Ich habe Android, iPhone und Blackberry heruntergeladen und alle bleiben beim Start herunterladen.",iPad or iPhone App,Negative emotion,0
2468,"Srsly love @mention @mention promo @mention srsly hassen, dass es ausschließt @mention esp.Da mein iPad darauf besteht, bin ich bei Disney #SXSW",iPad,Negative emotion,0
2501,"Neues iPhone -Autokorrektur hat bereits versucht, ""Kollegen"" zu ändern "".zu & quot; Vissigots. & quot;Es wird lange fünf Tage #SXSW sein",iPhone,Negative emotion,0
2505,Der iPhone -Akku wurde nicht für @mention #SXSW gemacht,iPhone,Negative emotion,0
2523,"Neues Kreisspiel?Rt @mention @mention google (versucht erneut), neues soziales Netzwerk namens Circles zu starten: {link} #SXSW",Other Google product or service,Negative emotion,0
2539,"Was Apple hofft, dass Sie nicht über iPad 2 {link} #sxsw #sxswi #technology #mobile #prodmktg bemerkt haben",iPad,Negative emotion,0
2552,"In der Zukunft geht es um Netzwerke, nicht nur um Daten.Deshalb kann Google möglicherweise nicht langfristig #SXSW #Web3 #Saatchiny gewinnen",Google,Negative emotion,0
2559,Warum stützen wir uns auf Webkonventionen wie kleine Schaltflächen auf dem iPad?#Uxdes #sxsw,iPad,Negative emotion,0
2585,"LOL 2 True RT @mention Es ist offiziell: Leute, die das iPad 2 verwenden, um Fotos zu machen, sehen einfach komisch aus.#SXSW",iPad,Negative emotion,0
2600,Hmm ... Der SXSW.com/interactive/Live -Stream ist nicht iPad/mobiler kompatibel.Vielleicht nächstes Jahr.#SXSW,iPad,Negative emotion,0
2611,"Ich würde gerne wissen, welche LBS -App, die ich heruntergeladen habe, die Geolocation -Einstellung & amp;Wird nicht aufgeben.#Batterykiller #sxsw",iPad or iPhone App,Negative emotion,0
2653,"Vorbereitungen für ""iPad -Design Kopfschmerzen"" & quot;#SXSW",iPad,Negative emotion,0
2661,"Ich habe nie bemerkt, wie beschissen durch den iPhone -Akku bis #SXSW war, ich lade alle paar Stunden auf",iPhone,Negative emotion,0
2670,Einige Jahre zu spät?Ich denke,iPad or iPhone App,Negative emotion,0
2680,Warum zum Teufel verwendet Google Maps nicht den Browser-Geo-Standort?Vermisse ich es irgendwie?Verwendung von Chrom.@mention #sxsw #Startupbus,Other Google product or service,Negative emotion,0
2682,"Warum zum Teufel möchte jemand, dass Mozilla zu Crapkit (Webkit) wechselt, wenn Gecko gut ist?Dumme Apple/Google -Bandwaggoner.#SXSW",Apple,Negative emotion,0
2688,"Apple zitiert als Gegenteil von Crowdsourcing - Proprietary, Steve Jobs sagt Ihnen, was Sie wollen #csuitecSourcing #SXSW",Apple,Negative emotion,0
2690,Ich bin gerade an der Linie für das iPad 2 vorbeigegangen. Bahahahaha!mindestens 5 Blöcke lang.#fail #sxsw,iPad,Negative emotion,0
2700,"Ich bin gerade am angeblichen #Apple #SXSW Temp Store unten vorbei gegangen @mention und der Apple -Kult war draußen, um Fotos auf iPhones zu machen.",Apple,Negative emotion,0
2734,"Google bevorzugt es, mit Meh, nicht Bang, neue soziale Funktionen zu starten?über TC {link} #sxsw",Google,Negative emotion,0
2735,Wie in Vegas während #ces wird das iPhone am besten als Handwärmer bei #SXSW verwendet.,iPhone,Negative emotion,0
2747,"Hinweis für sich selbst: Nachteil des Twitterns auf einem weißen iPad 2 Erwarten Sie, verspottet zu werden.@mention #sxsw",iPad,Negative emotion,0
2762,"Google scheint mein YouTube -Konto zu sabotiert - WTF?Versuchen sie, das gesamte Online -Ökosystem zu besitzen?Sehr schlechte Form #SXSW",Google,Negative emotion,0
2772,"Für meine Freunde bei #SXSW, die denken, ich habe Sie verlassen, in Wirklichkeit hatte ich einfach keine Kommunikationsmittel, mein iPhone hat nicht mehr funktioniert.#scheitern",iPhone,Negative emotion,0
2774,Was ist mit der Taxi Magic iPhone App passiert?Jetzt kann ich nur noch nur die Taxis über IT #SXSW anrufen,iPad or iPhone App,Negative emotion,0
2798,"Ha!RT @mention Google Guy bei #SXSW Talk erklärt, wie er realistische Twitter -Bots als Experiment gemacht hat.Gee, danke, dass du das gemacht hast.",Google,Negative emotion,0
2834,"Oh nein @mention #sxsw scheitern.Ich kann den Buchstaben des Ballsaals in der iPhone -App nicht sehen, da er zu lang ist und nicht wickelt /cc @mention",iPad or iPhone App,Negative emotion,0
2843,"GameChanger wie Wave und Buzz zweifellos RT @mention Google, um ein großes neues soziales Netzwerk namens Circles {link} #sxSW zu starten",Other Google product or service,Negative emotion,0
2845,"Es ist nie offensichtlicher als bei #SXSW, wie schön es wäre, wenn Apple Sachen mit abnehmbaren Batterien herstellen würde.#AlwayShavingToplugin #GSDM",Apple,Negative emotion,0
2864,iPhone -Benutzer bei #SXSW - In jedem von Ihnen stecken Sie Ihr GPS an?Ist eine der neuen GEO -App -Updates?FourSquare/Gowalla?,iPhone,Negative emotion,0
2880,Apple nimmt Blutergüsse von den Diskussionsteilnehmern.Im Nachhaltigkeitsraum nicht gut betrachtet.Nachhaltigkeitsberichterstattung und Transparenz von Unternehmen.#SXSW,Apple,Negative emotion,0
2882,"Apple mag es, wenn Sie sie bezahlen.Das mag Apple.- Barry Diller #sxsw",Apple,Negative emotion,0
2884,Die Tageszeitungen auf dem iPad werden sich weiterentwickeln ... Sie sind immer noch unmöglich herunterzuladen (20 MB- und Up -Downloads) #SXSW,,Negative emotion,0
2894,Die Google -Präsentation von Mayer ist ein Verkaufsgespräch #Fail #sxsw,Google,Negative emotion,0
2898,"Sooo ... Design for iPads Session ist nur eine stundenlange Anzeige für mich zu kaufen, iPad und Apps?#amisMarternow?#SXSW",,Negative emotion,0
2899,"In iPad -Design -Kopfschmerzen: Nehmen Sie zwei Tablets, rufen Sie mich im AM -Panel an - aufgeregt, @mention live zu hören!#SXSW",iPad,Negative emotion,0
2904,"Es war großartig zu hören, wie Marissa Mayer anerkennt, dass Google Maps die Unterstützung für sein Produkt b/c von falschen Routen erhöhen muss.#SXSW",Other Google product or service,Negative emotion,0
2908,Die SXXPress -Linie ist fast so lang wie die Apple -Linie.#sxsw {link},,Negative emotion,0
2970,Neuheit von #IPAD News #Apps verblasst schnell unter den digitalen Delegierten - Aron Pilhofer des NYT & amp;Khoi vinh {link} #media #sxsw,iPad or iPhone App,Negative emotion,0
2973,"Außerhalb von 9:30 Panels, die 75% der Menschen überspringen, kann ich kaum etwas auf meinem iPhone arbeiten lassen.#SXSW muss um 10.000 Menschen schrumpfen.",iPhone,Negative emotion,0
2977,Neuheit der iPad -Nachrichten -Apps verblassen schnell unter den #SXSW -Delegierten - von @mention {link},iPad,Negative emotion,0
2985,"Pollak, wenn Sie so große Probleme haben, verkaufen Sie nicht über Apple ... duh #sxswbigbrands #sxsw",Apple,Negative emotion,0
2997,"Twitter ausschalten, bis #SXSW vorbei ist und #IPAD vergessen wird.",iPad,Negative emotion,0
2999,Starten Sie mit @mention talking iPad Design Kopfschmerzen #sxsw,iPad,Negative emotion,0
3000,"Warum arbeitet WiFi auf meinem Laptop, aber weder das noch 3G auf meinem iPhone?Grrr.#SXSW",iPhone,Negative emotion,0
3029,"@mention für das Leben von mir, ich kann mein iPad nicht dazu bringen, alle Sitzungen zu synchronisieren, nur teilweise.Das iPhone ist in Ordnung, iPad entscheidet, was es will.#SXSW",iPad,Negative emotion,0
3042,"Taxifahrt von der Hölle zum Apple Store in Mall.Sie waren ausverkauft.Das Abendessen zu bekommen und muss dann herausfinden, wie man ins Hotel zurückkehrt.#SXSW",Apple,Negative emotion,0
3055,"Das Navigieren einer überfüllten Party ist scheiße.Aber es ist noch schlimmer, wenn jeder mit seinem Gesicht im iPhone herumläuft.#SXSW #ADPEOPLEPROBLEMS",iPhone,Negative emotion,0
3067,"Das Beste, was ich dieses Wochenende bei #SXSW & quot; Ich habe mein iPad 2 Geld an #japan Relief gegeben.Ich brauche kein #ipad 2. & quot;@mention @mention",iPad,Negative emotion,0
3111,"@mention froh, dass ich damals kein fehlerhaftes iPhone habe.Das wird gut für #SXSW sinken, der 5 -mal schneller stirbt.Hope @mention weiß.",iPhone,Negative emotion,0
3124,& quot; Google hat zu viele Produkte und muss sie zusammenfassen.#SXSW (FYI - Sie haben neun mobile Produkte),Google,Negative emotion,0
3127,"& quot; Google sucht nach technischen Lösungen, weshalb sie in der Community nicht großartig sind, weil es eine menschliche Lösung ist. & quot;#SXSW",Google,Negative emotion,0
3137,"& quot; Google, um ein neues neues soziales Netzwerk zu starten. & quot;Ich brauche wirklich kein anderes soziales Netzwerk ... {Link} #sxsw",Other Google product or service,Negative emotion,0
3142,"IPad -Design Kopfschmerzen.Schnittstellenmetapher.Sieht aus wie ein Buch, lassen Sie es sich wie ein Buch verhalten.Einfaches Zeug, aber oft vergessen.#SXSW",iPad,Negative emotion,0
3143,iPad Design Malady: iPad Elbow - Ich hasse den Rückenknopf des iPad mit der Hitze von einer Million Sonnen.#tapworthy #sxsw,iPad,Negative emotion,0
3151,"Ich bin nicht zu #SXSW gegangen, weil ich immer noch ein iPhone 3G benutze.#oldschool #novideo #veryslow",iPhone,Negative emotion,0
3155,"@mention Good Job @mention #sxsw!ging nach Hause & amp;sah Staffel 1 der Gilde an = d.saugt, dass dein Tweet über das iPhone -Hijack ist ein Top -Tweet lol ist",iPhone,Negative emotion,0
3161,Mein #SXSW Google -Kalender wird etwas außer Kontrolle geraten,Other Google product or service,Negative emotion,0
3163,@mention Google Circles wird lahm sein.#SXSW & lt; 3,Other Google product or service,Negative emotion,0
3172,Ich denke,Google,Negative emotion,0
3180,Wer verwendet Google TV in diesem Raum?Niemand erhöht eine Hand in einem verpackten Raum bei der #SocialViewing -Sitzung bei #SXSW,,Negative emotion,0
3218,"Mittagessen mit @mention bei #cnngrill.Ansicht aus den HTML5 -Entwicklergräben: Android ist schmerzhaft, iOS ist schlank (für das, was @mention tut) #sxsw",Android,Negative emotion,0
3220,"Open Graph hat den Schaden repariert, den Google für das Titel -Tag angerichtet hat.#SXSW #microformats",Google,Negative emotion,0
3230,@mention ha!Ich fühle mich wie die einzige Person bei #SXSW mit einem Nicht-Mac/iPad!,Apple,Negative emotion,0
3235,iPad2 in der Hand dank des Popup Apple Store bei #SXSW.Erster Eindruck: Ich kann eine Zitrone haben.Die Hintergrundbeleuchtung hat einige Blutungen am Boden.,iPad,Negative emotion,0
3268,"Vorsicht, die Android #SXSW -App für Zeitpläne ist völlig innachlich.Ich bin gerade ohne Grund zum Hyatt gegangen #SXSWFAIL",Android App,Negative emotion,0
3275,"Daten sind das neue Öl.(Unternehmen wie Google und Facebook haben Monopol und Nutzungsbedingungen, vor denen sich vorsichtig befindet) - @mention #SXSW",Google,Negative emotion,0
3295,Kara Swisher: Apple ist das stilvollste faschistische Unternehmen in Amerika #SXSW,Apple,Negative emotion,0
3322,"Nun, Cashmore hat dem neuen iPad gerade eine nicht-elektronische Nichteinhaltung gegeben.#SXSW #checkins #ouch",iPad,Negative emotion,0
3325,"RIP My iPhone 4: Juni 2010 - #SXSW.Sie haben einen schweren Tropfen überlebt, konnten aber nicht ertrinken.{Verknüpfung}",iPhone,Negative emotion,0
3326,95% der iPhone- und Droid -Apps haben insgesamt weniger als 1.000 Downloads.#SXSW,Android App,Negative emotion,0
3369,Morgen gehe ich zurück zum Apple Store ... * seufz * #sxsw,Apple,Negative emotion,0
3371,"@mention Ich hasse es, ein iPad zu tippen.Also, ja, das Ken Calhoun ist dieser Mann, der echte Deal!Und ich bringe meinen Laptop zu #SXSW Sun.",iPad,Negative emotion,0
3375,"@mention Ich hoffe, das diesjährige Festival ist nicht so unklar wie die diesjährige iPhone -App.#SXSW",iPad or iPhone App,Negative emotion,0
3381,"@mention Ich meinte, iTunes funktioniert für mich nicht (dh: keine Apple -Software ausführen, auch wenn sie auf meinem Ubuntu -Desktop ausgeführt werden würde).Nicht nur #sxsw dl",Other Apple product or service,Negative emotion,0
3382,"@mention Ich habe mich diesmal mit dem Tech #Fail übertroffen.iPhone = kaputt.Könnte das Schlimmste sein, was jemals bei #SXSW passieren kann",iPhone,Negative emotion,0
3401,"@mention Ich bin froh, dass ich kein iPad 2 habe ... ich denke.#SXSW",iPad,Negative emotion,0
3402,"@mention Ich gehe zu #SXSW, lass uns treffen!Ich kann @mention noch nicht verwenden, weil ich ein Android -Telefon habe, aber ich zeige mir, wie es funktioniert!",,Negative emotion,0
3404,"@mention Ich vermute, es wird keine #Android -App rechtzeitig für #SXSW geben?",Android App,Negative emotion,0
3413,"Totalitaristarisches Denken in Aktion: Menschen weltweit kommen nach Austin, TX für #SXSW und beschließen, ihre Zeit in einem Apple Store zu verbringen.",Apple,Negative emotion,0
3420,"Es ist lächerlich zu sehen, wie jemand während einer Sitzung mit seinem iPad ein Foto macht.Ich kann es kaum erwarten, Konzertgebrauch zu sehen.#SXSW #SILLY",iPad,Negative emotion,0
3442,"@mention Wenn ich du wäre, würde ich morgen vom Apple Store fern bleiben #sxsw",Apple,Negative emotion,0
3444,"@mention Wenn Sie dadurch das Gefühl haben, dass Google-Warmen-Fanboys besser als kichernde Schulmädchen vor Marissa Mayer Yday #sxsw benehmen",,Negative emotion,0
3448,"Verwandte: Wenn Sie Verizon haben, werden Sie es besser machen.#SXSW Bandbreitenausgabe.Mein Blackberry hat immer getwittert, als mein iPhone tries.#wjchat",iPhone,Negative emotion,0
3470,"Landwirte mögen Blackberry Smartphones, weil das iPhone nicht lange auf der Farm hält "".#MobileFarm #SXSW",iPhone,Negative emotion,0
3473,"Tablets wie das iPad und Xoom, bei dem Touch eine Mausklick-/Tastatureingabe emuliert, bedeutet, dass wir noch nicht da sind.#SXSW #GSWSXSW #futureoftouch",iPad,Negative emotion,0
3474,"Techie Fail RT @mention One #SXSW Panel Moderator, der aus Europa stammt, sagt, er habe 3000 US -Dollar für Roaming -Gebühren für sein iPhone bei SXSW 2010 ausgegeben.",iPhone,Negative emotion,0
3480,"Inhalt wird zurück zum Browser.Warum die Arbeit auf einem iPad replizieren, wenn Sie eine Taste drücken können?@mention @mention #sxsw",iPad,Negative emotion,0
3512,Mad Mad Line noch im #sxsw Apple Pop -up -Laden hier in Austin #iPad2,Apple,Negative emotion,0
3541,"Ich denke, dass ich vielleicht meinen Laptop zu #SXSW bringen muss.Das iPad allein reicht auf dieser Reise möglicherweise nicht aus.",iPad,Negative emotion,0
3549,Ich habe mit/ das Windows 7 -Telefon hier bei #SXSW gespielt. Die Animation ist besser als ein iPhone und;Es sieht sehr interessant aus!,,Negative emotion,0
3563,"@mention Instagram, aber es ist nur momentan im Moment, Mister & quot; muss cool und anders sein und einen Evo & quot bekommen;das ist Scheiße.#SXSW",iPhone,Negative emotion,0
3589,"Hey @mention wurde zu einer neuen Gruppe bei #SXSW eingeladen und deine Android -App stürzt immer wieder ab, wenn ich versuche zu beitreten!WTF?#SXSWFAIL",Android App,Negative emotion,0
3609,"Hey @mention Twitter braucht uns in Katastrophenbereichen eine Möglichkeit, Dinge wie #SXSW und #IPAD herauszufiltern, denn im Moment ist es uns wirklich egal, dass es uns wirklich egal ist",iPad,Negative emotion,0
3615,"Hey @mention, deine App wird nicht vom Android -App -Markt heruntergeladen.Nur ein Kopf #SXSW",Android App,Negative emotion,0
3632,Guy mit iPad 2 Fotos von @mention -Folien.Peinlich!#SXSW,iPad,Negative emotion,0
3634,@mention iPad App wird zu Recht für Design -Trumping -Inhalte geplant.#SXSW,iPad or iPhone App,Negative emotion,0
3653,Fick das iPhone!RT @mention New #ubersocial für #iphone jetzt im App Store enthält Uberguide zu #SXSW ... {Link},iPhone,Negative emotion,0
3663,"@mention ist kurz davor, über die Fehler zu sprechen, die er auf dem Bau von Netflix für das iPhone gemacht hat.#SXSW #NETFLIXIPHONE",iPad or iPhone App,Negative emotion,0
3674,Schlechte Nachrichten kostet es 1.000 US -Dollar?RT @mention Louis Vuitton hat eine iPhone -App.Amble #Digitalluxury #sxsw genannt,,Negative emotion,0
3678,"Meine Reihe heute Morgen zwei Personen handeln Notizen, eine Person auf einem Blackberry und mich auf einem #PC - Proof Apple ist kein Monopol bei #SXSW",Apple,Negative emotion,0
3698,"Die Verbesserung der iPad-Inhalte vieler Publisher sind wie der schlimmste David Foster Wallace-Fußnoten- irgendwie interessant, aber größtenteils irrelevant.#SXSW",iPad or iPhone App,Negative emotion,0
3700,Die iPhone -Krise am #SXSW -Telefon steckt auf dem Bildschirm Silver Logo.Ist seit 15 Minuten.Hilfe?,iPhone,Negative emotion,0
3717,"Ich kann es kaum erwarten, den Samsung Leuten eine Demo meines schrecklichen, schrecklichen Google Nexus S -Telefons bei #SXSW zu geben",Google,Negative emotion,0
3718,"Und jetzt wird es nicht von der Website zum iPhone ziehen.Fantastisch.Ich bin froh, dass ich diese Zeit verschwendet habe.#festivalgenius #notsomuch #sxsw",iPhone,Negative emotion,0
3722,"Sie wissen, dass es schlecht ist, wenn Sie UN-RSVP müssen, um Ihren Kalender zu sehen/zu verwenden.#iphone #sxsw #fml",,Negative emotion,0
3724,"@mention Es ist der nächste Schritt, dass Google Skynet wird.#SXSW",Google,Negative emotion,0
3754,"Die Netflix iPhone -App wurde in A & quot; lächerliche Frist "".Großer Fehler der Technologie, ihm zuzustimmen #sxsw",iPad or iPhone App,Negative emotion,0
3787,Erster Vortrag über den Tag: iPad -Design -Kopfschmerzen.#SXSW,iPad,Negative emotion,0
3796,Josh Clark: Ich hasse den Rückenknopf des iPad mit der Hitze von einer Million Sonnen.#tapworthy #sxsw,iPad,Negative emotion,0
3816,"Google nimmt das Mantra von 'Nicht böse sein' zu Herzen, aber ihr Stolz auf ihre Produkte macht sie der 7. tödlichen Sünde, Superbia #SXSW, schuldig",Google,Negative emotion,0
3853,Warum sind alle Preise bei #SXSW Apple Products?Seufzen,Apple,Negative emotion,0
3880,Kann nicht #SXSW -Verkehr umgehen?RT @mention Lieber @mention Ihre eigene App für das iPhone ist den ganzen Tag gesaugt.#crashing,iPad or iPhone App,Negative emotion,0
3883,Dieses doppelte Problem mit iPhone iOS 4.3 wird nervig.In anderen Nachrichten kann ein iPhone bei #Gr2L2 #SXSW durch den Raum fliegen,iPhone,Negative emotion,0
3893,"""Apple ist das eleganteste faschistische Unternehmen in Amerika.""#flipboard #sxsw",Apple,Negative emotion,0
3895,Hat Google seinen nächsten Social -Media -Flop schon gestartet?#SXSW,Other Google product or service,Negative emotion,0
3896,"& quot; Apple mag es, wenn Sie sie bezahlen.Das mag Apple. & Quot;- Barry Diller #SXSW (@mention ACC - Ballsaal d) [PIC]: {Link}",Apple,Negative emotion,0
3923,"Lieber Google, Ihr Photobooth ist scheiße.#SXSW",Other Google product or service,Negative emotion,0
3924,& quot; Apple: Die eleganteste faschistische Gesellschaft in Amerika heute. & quot;- Kara Swisher #sxsw #flipboard,Apple,Negative emotion,0
3929,Ich möchte alles über Design -Kopfschmerzen für iPad #SXSW lernen,iPad,Negative emotion,0
3937,"Barry Diller sagt, nur iPad-Magazine wie The Daily machen nicht sinnvoll, {link} #sxsw",iPad or iPhone App,Negative emotion,0
3938,"Barry Diller sagt, dass Sie albern sind, wenn Sie Inhalte nur für einen Formfaktor schreiben.Apple mag es, weil sie Geld bekommen #sxsw",Apple,Negative emotion,0
3943,"Barry Dillers pragmatisch und geradlinig, was schön ist.Sieht so aus, als ob er möchte, dass wir Pitchfirs vs. Apple #sxsw schnappen,",Apple,Negative emotion,0
3981,Google wird sich selbst #RHIZOME #SXSWK #SXSW @mention Hilton {Link} essen,Google,Negative emotion,0
3987,"Google wird heute Facebook-Konkurrentkreise @mention #sxsw heute als gedacht starten, Creeper halbfreunde auf der ganzen Welt über enttäuscht.",Google,Negative emotion,0
3990,"Und es wird saugen.RT @mention RT @mention Google wird einen wichtigen neuen sozialen Service, Kreise, bei #SXSW Today {Link} vorschau",Other Google product or service,Negative emotion,0
3992,Schauen Sie sich all diese Leute bei #SXSW mit iPad 1 an.Keine Schande.,iPad,Negative emotion,0
4002,"Ich fühle mich albern, kann aber nicht herausfinden, wie die #SXSW Mobile App auf Android aktualisiert werden soll.Es scheint nicht ""Optionen"" zu haben.(unten linke Taste)?",,Negative emotion,0
4005,"Ich hatte wirklich gehofft, dass #SXSW eine Android -Version von @mention na ja, vielleicht eines Tages ... schon lange mitbringen würde.",Android App,Negative emotion,0
4006,"Wird eine Überladung von Informationen, die von Google Discovery geliefert werden, getötet?Google sagt, dass die Leute keine Neugier verlieren, aber ich frage mich ... wir brauchen Zufall.#SXSW",Google,Negative emotion,0
4024,"@mention liebe, was du bei #sxsw machst.Wie kommt es, dass ich fast jedes Mal, wenn ich meine App auf dem iPhone öffne, Anmeldeautorisierungsfehler bekomme?",iPad or iPhone App,Negative emotion,0
4034,"Nach dem Ausfall von Google Buzz, Google Latitude, jetzt Google Circle!Im Ernst, Google muss sich mehr auf die Suche konzentrieren!#Fail #google #sxsw",Google,Negative emotion,0
4040,"Sie bringen endlich alle dazu, sich auf Facebook einzukaufen, und dann führt Google Circle ein.Keine faire.Machen Sie mit all der Innovation vorbei, Leute #sxsw",,Negative emotion,0
4041,"Sie bringen endlich alle dazu, sich auf Facebook einzukaufen, und dann führt Google Kreise ein.Keine faire.Machen Sie mit all der Innovation vorbei, Leute #sxsw",Other Google product or service,Negative emotion,0
4137,"@mention muss heute möglicherweise nach Apple gehen.Ich denke mein ""s"" s """"x"" x ""und ""w & quot;Tasten sind abgenutzt.#SXSW",Apple,Negative emotion,0
4140,"Ich habe gerade meine und amp;Ich bin nicht einverstanden, RT @mention Peter Cashmore auf iPad 2 Es ist nur eine geringfügige Verbesserung wert, es sei denn, Sie haben 2 USD Burn #sxsw",iPad,Negative emotion,0
4169,"Nein, scheint heute keine Google Circles zu starten: {Link} #sxsw",Other Google product or service,Negative emotion,0
4176,@mention Meine #Twitter iPhone -App ist seit ein paar Tagen ausgefallen.Auf dem Weg zu #SXSW und viel twittern möchten - können Sie helfen?,iPad or iPhone App,Negative emotion,0
4185,@mention mein iPhone stürzte & amp;Ich musste eine frische Wiederherstellung durchführen & amp;Ich habe meinen Lieblings -Dali/Leinwand Pak verloren?Kann ich es jemals zurückbekommen?Bist du auch @mention #sxsw?,iPhone,Negative emotion,0
4194,"Ahhh, Darn :( RT @mention @mention @mention Laut @mention Google hat es bestätigt, dass es bei überhaupt nicht bei #SXSW gestartet wird.",Other Google product or service,Negative emotion,0
4220,"Bitte kann ich mehr Leute über das iPad 2 sprechen hören, bevorzugt mit mehr #SXSW -Hashtags - ich habe wirklich ein Defizit in meinem Leben!",iPad,Negative emotion,0
4227,"Diese Frau ist großartig - auf Probleme zu rücken und Google zuzugeben, könnte es besser machen #SXSW",Google,Negative emotion,0
4246,"Sitzen auf dem Boden hinter einem Mann, der sein neues iPad 2 auf sehr beunruhigende Weise fügt.#SXSW",iPad,Negative emotion,0
4278,"GRRR..PLANCAST -Sachen, die in den Google Calendar in San Diego/Pacific Time exportiert wurden",Google,Negative emotion,0
4293,"Linie um die Ecke für #iPad2 bei #sxsw, ich sage, warte darauf.Ich habe bereits zwei Kameras auf meinem #iphone sorry #Apple",iPad,Negative emotion,0
4298,"Breft Wanderer.Weißes Schnur, schlaff.Leblos.Hier gibt es keinen Auslass für Ihr iPhone.#SXSW #Poetry",iPhone,Negative emotion,0
4306,Man Panhandling für ein iPad 2 bei SXSW.Was kommt die Welt?#ipad #apple #tablet #sxsw,iPad,Negative emotion,0
4314,"Diese iPhone #SXSW -App würde ziemlich großartig sein, wenn sie nicht alle 10 Minuten während des längeren Browsings abgestürzt ist.#Fuckit #ILLMakeitwork",iPad or iPhone App,Negative emotion,0
4317,"Die SXSW -iPhone -App ist fantastisch, aber jedes Mal stürzt die iPad -App ab.#SXSW",iPad or iPhone App,Negative emotion,0
4330,Hat jemand heute Abend eine Adresse für das Yeasayer -Konzert?Google Maps schlägt fehl.#SXSW,Other Google product or service,Negative emotion,0
4340,"Ich habe einen der Standleute gebeten, ob #Apple jeden einzelnen Stand hier bezahlt hat, um sein Produkt auf iPad2s zu zeigen.Sie sagte nein.#idontbelieve #sxsw",Apple,Negative emotion,0
4361,"Das Internet verwischt, {Link} Das iPad verblasst, {link} ��� @mention bei #sxSW",iPad,Negative emotion,0
4385,"Interessante ""@mention & quot; Google sucht nach technischen Lösungen, warum sie nicht großartig sind @mention Community, weil es eine menschliche Lösung #sxsw� ۝ ist",Google,Negative emotion,0
4393,"Mein Tweeten von #SXSW war heute dank der iPhone -App #Fail @mention iPhone - Hootsuite, ist der epische Ersatz!#owllove",iPad or iPhone App,Negative emotion,0
4414,"Ich wollte die Tech-Nerds verspotten, weil ich zu #SXSW gekommen bin, um in einer 4-stündigen Zeile für ein iPad 2 zu stehen. Dann erinnerte ich mich an mich und Horrorfilme.",iPad,Negative emotion,0
4418,"Fängt an zu denken, mein #Blackberry ist eher wie der #abacus of Telefone.Verdammt u #iphone.#SXSW (Ich wollte nur # Abacus)",iPhone,Negative emotion,0
4430,"@mention nice #sxsw Song @mention Don� ۪ t hack, write Rails.Unter Lieferung, über Verkauf.Arbeiten Sie für Google.{Verknüpfung}",Google,Negative emotion,0
4481,"@mention nein, nein, nein ... ich würde kein iPad 2. Ich würde auf das iPad 3 mit Teleportierungsfunktionen warten.#SXSW",iPad,Negative emotion,0
4482,Diese Technologie konnte nicht auf einem iPhone stattfinden.,iPhone,Negative emotion,0
4497,"Es gibt nichts Dummes, als Leute mit einem iPad Video aufzunehmen.#SXSW",iPad,Negative emotion,0
4499,Vereinbart ��� Neuheit von #IPad News #Apps verblasst schnell unter den digitalen Delegierten ��� {link} #media #sxsw (über @mention,iPad,Negative emotion,0
4522,"In der ""schlechtesten Firma des Verbrauchers"" des Verbrauchers in Amerika 2011 & quot;Turnierhalterung - Apple wird in der ersten Runde #SXSW gegen Microsoft antreten",Apple,Negative emotion,0
4534,"Ich gehe davon aus, dass jedes Geek-Douche ein iPad 2 bei #SXSW veranstaltet.Diese Leute sind auch der Grund, warum es sich nicht lohnt.",iPad,Negative emotion,0
4535,Ich erfasse A & quot;Taste für #ipad 2 Zeilen.{link} #sxsw,iPad,Negative emotion,0
4569,Grrrr @mention nicht #SXSW als gedacht im Web oder iPhone :(,iPhone,Negative emotion,0
4584,"Organic enthüllt BroadFeed, Social News App für iPad.Das Publikum steht auf und führt zur Tür.#SXSW",iPad or iPhone App,Negative emotion,0
4602,"Mayer gibt außerdem zu, dass Google ""steigern muss"" muss & quot;Der Kundensupport für Google Maps.#SXSW",Other Google product or service,Negative emotion,0
4620,"Entschlossen, nach LA anstelle von #SXSW zu gehen, denn mein AT & amp; t iPhone wäre ungefähr so nützlich wie ein Ziegelstein in Austin.",iPhone,Negative emotion,0
4624,Auf dem Weg zum iPad -Design Kopfschmerzen in Hilton - Salon J #sxsw,,Negative emotion,0
4637,"Ich freue mich darauf, das @mention bei #SXSW zu treffen, damit ich ihnen meine Sprint -Galaxys zeigen kann, die immer noch Android 2.1 läuft.#scheitern",Android,Negative emotion,0
4641,iPhone zu alt für #SXSW -Zeitplan -App.Oh nein.#Ablehnung,iPhone,Negative emotion,0
4655,"Es gibt keine Möglichkeit, das iPad bei #sxsw vernünftig anzurufen.Ich denke, es gibt eine für zwei Personen.",iPad,Negative emotion,0
4667,Apple Autocorrect ist so seltsam.Ogilvy Autocorrects to Idiocy.#ogilvynotes #sxsw :),Apple,Negative emotion,0
4676,"Google Product Showcases fühlen sich nie so cool an.Kein Preisschild, Markenwert, Wow -Faktor beigefügt.#SXSW MARISSA Mayer",Google,Negative emotion,0
4689,"Kaschmir of Mashable: Der iPad 2 glaubt, dass es kein großer Schritt ist.Ich warte nun darauf, dass das Apple PR -Team in die #SXSW -Sitzung parach.",iPad,Negative emotion,0
4690,Andrew K von PRX setzt die Homogenität des Apple -Ökosystems W -Vorhersehbarkeit gegenüber Androids Wild West gleich.#imaconf #sxsw #drumbeat #mojo,,Negative emotion,0
4700,Aron Pilhofer der New York Times und Design Guru Khoi Vinh Express -Skepsis gegenüber iPad -Nachrichten -Apps bei #sxsw {link},iPad or iPhone App,Negative emotion,0
4827,"RT @mention 'Google hat seinen Weg verloren, indem er sich zu viel für das Geschäft im Vergleich zu den Benutzern kümmerte - @mention #psych #sxsw",Google,Negative emotion,0
4829,RT @mention 'Diese Technologie konnte nicht auf einem iPhone stattfinden.,iPhone,Negative emotion,0
4846,MT @mention (Swisher nennt Apple & quot; die klassische faschistische Firma in Amerika & quot; #sxflip #sxsw,Apple,Negative emotion,0
4858,RT @mention @mention - Falschalarm: Google -Kreise kommen jetzt nicht. Und wahrscheinlich nie?- {link} #google #circles #social #sxsw,,Negative emotion,0
4901,RT @mention @mention iPad App wird zu Recht für Design -Trumping -Inhalte und zu Recht.#SXSW,iPad or iPhone App,Negative emotion,0
4914,"RT @mention @mention Peter Cashmore auf dem iPad 2: Es ist nur eine geringfügige Verbesserung.Es lohnt sich nicht, es sei denn, Sie haben Geld zum Brennen.#SXSW",iPad,Negative emotion,0
4933,RT @mention & quot; @mention - #Apple ist die klassische faschistische Firma in Amerika.Wirklich elegant. & Quot;#SXSW #RJI,Apple,Negative emotion,0
4937,RT @mention & quot; Apple ist das eleganteste faschistische Unternehmen in Amerika. & Quot;#flipboard #sxsw,Apple,Negative emotion,0
4939,RT @mention & quot; Apple: Das eleganteste faschistische Unternehmen in Amerika heute. & Quot;- Kara Swisher #sxsw #flipboard,Apple,Negative emotion,0
4949,"RT @mention & quot; Google sucht nach technischen Lösungen, weshalb sie in der Community nicht großartig sind, weil es eine menschliche Lösung ist. & Quot;#SXSW",Google,Negative emotion,0
4951,"Rt @mention & quot; Ich glaube an Gott, weil es keine andere Erklärung für Apples fortgesetzte Existenz gibt. & Quot;Guy Kawasaki #Echantment #sxsw",Apple,Negative emotion,0
4957,"RT @mention & quot; mehrere Ansätze zur Monetarisierung & quot;Betreff: iPhone Game Dev & quot; aber Anzeigen würden unser Produkt billigen.Ok, viel Glück mit diesem #sxsw",iPad or iPhone App,Negative emotion,0
4967,"RT @mention & quot; Es gibt einen Grund, warum Google nicht in sozialer Weise ist - sie sind zu technisch. & Quot;#SXSW #COMMENTS",Google,Negative emotion,0
4994,RT @mention #futuremf Trajan: Google hat den & lt; titel & gt;Tag - Websites seo sie.Öffnen Sie das Diagrammprotokoll stattdessen ein sauberes Titel -Tag #SXSW hinzugefügt,Google,Negative emotion,0
5038,RT @mention #SXSW #CSR Berichterstattung: JaneCek: Microsoft gibt $ für wohltätige Zwecke.Apfel gibt nichts.Jeder im Zimmer hat iPhone.Was antreibt diese Entscheidung?,Apple,Negative emotion,0
5041,"RT @mention #sxsw #Echantment: @mention & quot; Niemand verwendet Windows freiwillig. & Quot;""Apple ist die größte Sammlung von Egomanen in der Geschichte.""Haha",Apple,Negative emotion,0
5050,RT @mention #SXSW 2011: Google und Bing SmackDown in seiner blutigen Banalität (Guardian) {Link} über @mention,Google,Negative emotion,0
5072,RT @mention #sxsw iPad Store ausverkauft von allem außer 64 -gig wifi nur weiß ausverkauft,iPad,Negative emotion,0
5084,"RT @mention #SXSW Gerücht Mill: iPad 3 hat zwischen 6 und 15 Kameras, etwas dünnerer Seltener Erdens und ""unterschiedliche"".aber immer noch Verschmutzungsbildschirm.",iPad,Negative emotion,0
5090,RT @mention #sxsw Waze {link} ist mit Google Re: Personalisierte Zuordnungserfahrung ausgelöst.Friendly & quot; Panel Crashing & quot;,Google,Negative emotion,0
5095,RT @mention #SXSW: iPad -Design -Kopfschmerzen (nehmen Sie zwei Tablet und rufen Sie mich am Morgen an) {Link},iPad,Negative emotion,0
5097,"RT @mention #uxdes @mention ist froh, dass es keine Standard -Navigationsinstrumente gibt.Sie könnte die einzige sein!#SXSW",iPad,Negative emotion,0
5138,"Diabetes auf einer Platte.Danke Google, habe das schon abgedeckt.{link} #sxsw",Google,Negative emotion,0
5146,RT @mention vereinbart ��� Neuheit von #IPad News #Apps verblasst schnell unter den digitalen Delegierten ��� {link} #media #sxsw (über @mention,iPad or iPhone App,Negative emotion,0
5156,"Rt @mention und es wird saugen.RT @mention RT @mention Google wird einen wichtigen neuen sozialen Service, Kreise, bei #SXSW Today {Link} vorschau",Other Google product or service,Negative emotion,0
5175,"RT @mention Jeder, der ein neues iPad kaufen wollte, sollte stattdessen an #japan #tsunami -Opfer spenden.#SXSW",iPad,Negative emotion,0
5179,"RT @mention anscheinend, wenn Sie Google & quot; Anzeigeneinstellungen & quot;Und Sie werden sehen, was Google denkt.#seenocreepy #sxsw #pnid",Google,Negative emotion,0
5185,RT @mention Apple Autocorrect ist so seltsam.Ogilvy Autocorrects to Idiocy.#ogilvynotes #sxsw :),Apple,Negative emotion,0
5197,"RT @mention Apple ist ""die klassische, faschistische Firma in Amerika,""sagt @mention #sxsw",Apple,Negative emotion,0
5251,RT @mention Apple ... & quot; Die klassische faschistische Firma in Amerika & quot;Kara Swisher #sxsw,Apple,Negative emotion,0
5334,"RT @mention Das Beste, was ich dieses Wochenende bei #SXSW & quot; Ich habe mein iPad 2 Geld an #japan Relief gegeben.Ich brauche kein iPad 2. & quot;(@erwähnen",iPad,Negative emotion,0
5335,"RT @mention Das Beste, was ich dieses Wochenende bei #SXSW & quot; Ich habe mein iPad 2 Geld an #japan Relief gegeben.Ich brauche kein iPad 2. & quot;(@mention @mention",iPad,Negative emotion,0
5336,"RT @mention Das Beste, was ich dieses Wochenende bei #SXSW & quot; Ich habe mein iPad 2 Geld an #japan Relief gegeben.Ich brauche kein iPad 2. & quot;@erwähnen",iPad,Negative emotion,0
5337,"RT @mention Das Beste, was ich dieses Wochenende bei #SXSW & quot; Ich habe mein iPad 2 Geld an #japan Relief gegeben.Ich brauche kein iPad 2. & quot;& lt; Amen! & gt;",,Negative emotion,0
5338,"RT @mention Beste, was ich dieses WKND @mention #sxsw & quot; Ich habe mein iPad 2 Money 2 #japan Erleichterung gegeben.Ich brauche kein iPad 2 & quot; ( @erwähnt @mention)",,Negative emotion,0
5352,"RT @mention hat angesprochen, wie Google Maps alle Bilder von JCPenney in Bilder von Macys oder trashigen Restpflenken umgeleitet hatte.Sie hatten keinen Kommentar #uosxsw #sxsw",Other Google product or service,Negative emotion,0
5428,"RT @mention beschloss, nach LA anstelle von #SXSW zu gehen, da mein AT & amp; t iPhone in Austin so nützlich wäre wie ein Ziegelstein.",iPhone,Negative emotion,0
5429,RT @mention Löschen der #SXSW iPhone App!{Verknüpfung},iPad or iPhone App,Negative emotion,0
5430,"RT @mention köstlich ironisch Google Privacy Party hat Ganze durch ""Bankkartell"", militärswissenschaftliche Diktaturübernahme & quot;Taxi -Rant!#SXSW",Google,Negative emotion,0
5446,"RT @mention Diller auf Google TV: ""Das erste Produkt war nicht gut.Grundsätzlich war es kein Verbraucherprodukt. & Quot;#SXSW #diller",Other Google product or service,Negative emotion,0
5469,RT @mention Epic.In Austin in SXSW wartet nur ein Typ in der Schlange auf das iPad 2.{link} #sxsw #ipad #iPad2,iPad,Negative emotion,0
5480,"RT @mention false Alarm: Google -Kreise kommen jetzt nicht und wahrscheinlich nie {link} - so sehr für Berichte, dass es bei #SXSW enthüllt würde",Other Google product or service,Negative emotion,0
5484,"RT @mention Fest tipps nicht ein iPhone douche. Puten Sie Ihr Telefon weg und sprechen Sie mit Ihren Kollegen in Zeilen usw. Alle guten Leute, die Film lieben.#SXSW",iPhone,Negative emotion,0
5487,"RT @mention hat endlich satt mit #Angrybirds, Julian schrie ""Ich habe Ihre No-Fly-Zone hier hier bekommen, Pigfucker!"" & Quot;und warf sein iPad auf ein Kind.#SXSW",iPad,Negative emotion,0
5497,"RT @mention -Futter für #Snubor -Panel bei #SXSW: ""Recht,"" zu vergessen "";Gewinne in Europa Traktion und verursachen Probleme für Google {link}",,Negative emotion,0
5506,"RT @mention Forward to Delicious T-Mobile 4G hier in Austin, während iPhone-Benutzer Schwierigkeiten haben, etwas zu tun.#SXSW",iPhone,Negative emotion,0
5508,"RT @mention fand die App Kyping My iPhone Geolocation & amp;nicht im Hintergrund freigeben.Benötigen Sie einen Patch, @mention #batterykiller #sxsw",iPad or iPhone App,Negative emotion,0
5582,"RT @mention Google Circles wird Toast sein, wenn es Facebook -Nutzer nicht überzeugen kann, ein Konto (oder eine Schnittstelle mit FB) #SXSW zu starten",Other Google product or service,Negative emotion,0
5594,"RT @mention Google Hotpot-Restaurants und erhalten Sie personalisierte Recos, wo Sie essen können.Ähm, denken Sie an Foursquare, Yelp usw. haben dies bereits abgedeckt.#SXSW",Other Google product or service,Negative emotion,0
5605,"RT @mention Google Latina und sehen Sie, was Sie finden?Porno ... Dies ist der erste Eindruck, den die Leute über uns bekommen?#latism #sxsw #sxswlatam #latinaintech� ۝",Google,Negative emotion,0
5621,RT @mention Google -Präsentation von Mayer ist ein Verkaufsgespräch #fail #sxsw,Google,Negative emotion,0
5676,"RT @mention Google, um ein großes neues soziales Netzwerk namens Circles zu starten, möglicherweise heute unter #SXSW rww.to/f6bcet |O'Goody mehr Überlastung",Google,Negative emotion,0
5691,RT @mention Google vs Bing auf #BetterSearch.Bing hat einen Erfolg auf Erfolg mit strukturierter Suche.Potenziell höhere Margin -CPA -Modell gegen #google.#SXSW,Google,Negative emotion,0
5692,"RT @mention Google war nicht in der Lage, störende Innovationen durchzuführen und in den letzten Jahren 89 Startups zu erworben.",Google,Negative emotion,0
5787,"RT @mention Hipster mit übergroßen Kopfhörern, die an das neue iPad angeschlossen sind",iPad,Negative emotion,0
5791,"Rt @mention hm?Brauchen wir noch 1?RT @mention Google, um ein großes neues soziales Netzwerk namens Circles zu starten, möglicherweise heute {link} #SXSW",Other Google product or service,Negative emotion,0
5792,RT @mention HMM ... Der Stream SXSW.com/interactive/Live ist nicht iPad/mobiler kompatibel.Vielleicht nächstes Jahr.#SXSW,iPad,Negative emotion,0
5817,"RT @mention Ich kann es kaum erwarten, den Samsung Leuten eine Demo meines schrecklichen, schrecklichen Google Nexus S -Telefons bei #SXSW zu geben",Other Google product or service,Negative emotion,0
5820,"RT @mention Ich habe das Gefühl wie mein iPhone: Immer an, immer etwas tun, schnell aus dem Akku ausgehen.#SXSW",iPhone,Negative emotion,0
5823,"RT @mention Ich muss noch in einen Konferenzraum betreten, in dem es nicht wie eine Apple -Anzeige aussieht.Sie würden denken, es gab nichts anderes.#SXSW",Apple,Negative emotion,0
5828,"RT @mention Ich weiß, dass es #SXSW ist, weil mein iPhone mich über seine Signalstärke belogen hat.",iPhone,Negative emotion,0
5832,RT @mention Ich denke,Google,Negative emotion,0
5833,"RT @mention Ich denke, mein Effing Ehemann steht für ein #IPAD 2 in der Schlange. Kann jemand ihn auf die Aufstellung für Frau Nummer 2 weisen?#SXSWI #SXSW",iPad,Negative emotion,0
5867,"RT @mention Wenn Sie ein iPad haben, upgraden Sie nicht auf das neueste iOS, Tweetdeck ist sehr instabil #Nten #11ntc #sxsw #sxswi",iPad,Negative emotion,0
5891,"RT @mention in einem Raum voller Geeks talken TV, @mention Nur gefragt, ""Wer verwendet Google TV?""Niemand erhöhte Hand.#SocialViewing #SXSW",Other Google product or service,Negative emotion,0
5923,RT @mention iPad Design Kopfschmerzen mit Josh Clark #tapworthy #sxsw {link},iPad,Negative emotion,0
5924,RT @mention iPad Design Malady: iPad Elbow - Ich hasse den Rückenknopf des iPad mit der Hitze von einer Million Sonnen.#tapworthy #sxsw,iPad,Negative emotion,0
5933,"RT @mention ironisch?Ich habe die Anweisungen zur @mention Party gegoogelt und lief 6 Blocks in die falsche Richtung.Zeit für das Bett, denke ich.#SXSW",Other Google product or service,Negative emotion,0
5938,"RT @mention Es ist lächerlich zu sehen, wie jemand während einer Sitzung mit seinem iPad ein Foto macht.Ich kann es kaum erwarten, Konzertgebrauch zu sehen.#SXSW #SILLY",iPad,Negative emotion,0
5958,"RT @mention Es ist offiziell: Leute, die das iPad 2 verwenden, um Fotos zu machen, sehen einfach komisch aus.#SXSW",iPad,Negative emotion,0
5967,RT @mention Josh Clark: Ich hasse den Rückenknopf des iPads mit der Hitze einer Million Sonnen.#tapworthy #sxsw,iPad,Negative emotion,0
5985,"RT @mention hat gerade gelesen, dass #Apple am Release -Tag bei #SXSW iPad 2 verkauft wird.Guter Herr, der Wirbel der Selbstgefälligkeit an diesem Tag mag unerträglich sein.",iPad,Negative emotion,0
5987,"RT @mention hat gerade jemanden zum ersten Mal ein Foto mit einem iPad 2 gemacht.Sieht so lächerlich aus, wie Sie es erwarten würden.#SXSW #Sightings",iPad,Negative emotion,0
6024,"Die RT @mention -Zeile für Quellcode ist noch länger als für iPad 2. Nehmen Sie das, Apple.#SXSW",Apple,Negative emotion,0
6034,"RT @mention Lonely Planet veröffentlicht kostenlos Austin City Guide iPhone App für #SXSW.Als ob es nicht genügend Apps gibt, die Ihr Mobilteil überladen.",iPad or iPhone App,Negative emotion,0
6113,RT @mention New #SXSW -Regel: Nicht mehr ooing und wechseln Sie über Ihr neues iPad.Wir verstehen es.Es ist keine große Sache.Jeder hat jetzt einen ... :-),iPad,Negative emotion,0
6129,"RT @mention New iPhone Autocorrect wurde bereits versucht, ""Kollegen"" zu ändern "".zu & quot; Vissigots. & quot;Es wird lange fünf Tage #SXSW sein",iPhone,Negative emotion,0
6149,"RT @mention Kein Fan eines neuen #SXSW -Trends - Publikum, die Meinungen durch das Halten eines iPad teilen.Nicht hier, um dir zuzuhören.#ärgerlich",iPad,Negative emotion,0
6154,"RT @mention Note an sich selbst: Nachteil des Tweets auf einem weißen iPad 2 Erwarten Sie, verspottet zu werden.@mention #sxsw",iPad,Negative emotion,0
6157,"RT @mention Nichts sagt Duuchekuchen wie mit einem iPad herumzulaufen, als wäre es ein iPhone #SXSW",iPad,Negative emotion,0
6158,RT @mention Neuheit der iPad News Apps verblassen schnell unter #SXSW -Delegierten - von @mention {link},iPad or iPhone App,Negative emotion,0
6205,"RT @mention Teil des Journalismus ist die Unterstützung der Demokratie, ja?Informiert bevölkerungsreich, ja?Das iPad im Mittelpunkt unterstützt nicht, dass #NewsApps #sxSW",,Negative emotion,0
6252,"RT @mention RT @mention @mention, um ein neues neues soziales Netzwerk namens #Circles zu starten, möglicherweise heute!{link} #sxsw #smm & gt; & gt; Wirklich Google?Jetzt?",Google,Negative emotion,0
6276,"RT @mention RT @mention Apple ist ""das klassische, faschistische Unternehmen in Amerika, & quot;sagt @mention #sxsw",Apple,Negative emotion,0
6298,"RT @mention RT @mention Forward to Delicious T-Mobile 4G hier in Austin, während iPhone-Benutzer Schwierigkeiten haben, etwas zu tun.#SXSW",iPhone,Negative emotion,0
6377,"RT @mention RT @mention Sound meiner Stimme wurde aufgenommen, um Apple & amp zu nutzen;Die 14-tägige Rückgaberichtlinie von Best Buy für IMACs.Brillant.#SXSW",Apple,Negative emotion,0
6428,"RT @mention -Folien von #SXSW Talk, & quot; iPad -Design -Kopfschmerzen & quot;{link} #tapworthy.Wirklich interessant für Designer.",iPad,Negative emotion,0
6448,RT @mention spricht Wahrheit: #Apple -Mitarbeiter im Temp #sxsw Store nur High Five Ganze Long Line und FacePalmed.Pfui.#LonginesBadux,Apple,Negative emotion,0
6470,RT @mention SXSW 2011: Neuheit der iPad -Nachrichten -Apps verblassen schnell unter den digitalen Delegierten {Link} #sxsw,iPad or iPhone App,Negative emotion,0
6477,RT @mention Temp Apple Store 6. St. Austin #sxsw für die Nacht geschlossen.,Apple,Negative emotion,0
6480,RT @mention Temporary #SXSW Apple Store.Apple ist hinterhältig wie üblich {link},Apple,Negative emotion,0
6508,"RT @mention In der Zukunft geht es um Netzwerke, nicht nur um Daten.Deshalb kann Google möglicherweise nicht langfristig #SXSW #Web3 #Saatchiny gewinnen",Google,Negative emotion,0
6514,RT @mention Das iPad 2 ist auch eine karikaturistisch große Digitalkamera.#Sxsw #cstejas {link},iPad,Negative emotion,0
6557,"Rt @mention Diese Gruppe neben mir hat 6 ppl @mention in der Tabelle.Jeder benutzt sein Telefon/iPad, anstatt miteinander zu sprechen.#SXSW",iPad,Negative emotion,0
6700,RT @mention Wer verwendet Google TV in diesem Raum?Niemand erhöht eine Hand in einem verpackten Raum bei der #SocialViewing -Sitzung bei #SXSW,Other Google product or service,Negative emotion,0
6711,"RT @mention wird eine Überlastung von Informationen, die von Google Kill Discovery geliefert werden?Google sagt, dass PPL keine Neugier verliert, aber ich frage mich ... wir brauchen Serendipity.#SXSW",,Negative emotion,0
6731,"RT @mention Woman in Lobby: ""Es gibt eine Website mit dem Titel"" Dumme iPhone Speller "", und es sind Leute, die Bilder von lustigen autokorierten Wörtern machen. & Quot;#SXSW",,Negative emotion,0
6749,"RT @mention Ja, ich hasse die Fanboys.Immer noch gültig für diejenigen, die auf das iPad2 warteten, anstatt #sxsw: {link} zu genießen",iPad,Negative emotion,0
6767,"#SXSW iPhone App: Control Mania!Die Hälfte des Bildschirms, der für Schaltflächen und Filter verwendet wird, andere Hälfte für Inhalte.#UI-Fail",iPad or iPhone App,Negative emotion,0
6772,"Scheiße.Das iPhone hat ausgepackt, wird überhaupt nicht berechnet.Sagt, es wird aufgeladen, aber mit 5% nach der ganzen Nacht.Was sind meine Optionen in Austin?#SXSW",iPhone,Negative emotion,0
6810,Verdammt Google!Ihre Leuchten-in-the-Dark-Tasse hat in meiner Kamera-Tasche leuchtend in der Dunkelgärtung durchgesickert!#SXSW,Google,Negative emotion,0
6814,"Es sieht einfach dumm aus, Bilder mit einem iPad 2 zu nehmen - glauben Sie mir Jungs #sxsw",iPad,Negative emotion,0
6849,"Apple eröffnet ein temporäres Geschäft in Austin für #SXSW.Weil die Leute offensichtlich $ 1500 für ein Macbook machen wollen, während sie Austin besuchen",Apple,Negative emotion,0
6850,Apple eröffnet ein temporäres Geschäft in Austin für #SXSW.Weil die Leute offensichtlich $ 1500 für ein Macbook ausgeben wollen.,Apple,Negative emotion,0
6872,"Google ließ die Immobiliensuche nach dem B/C fallen, um es richtig zu machen. Sie müssten viel mehr investieren, als sie im Moment bereit sind.#SXSW",Google,Negative emotion,0
6891,"NYT -App für iPad: Nicht ""Hier ist eine erstaunliche Möglichkeit, unserer Leserschaft zu dienen, & quot;Mehr ""hier ist eine Marktchance, die wir nicht ignorieren können.""#SXSW #NewsApps",iPad or iPhone App,Negative emotion,0
6913,"Ich freue mich auf köstliche T-Mobile 4G hier in Austin, während iPhone-Benutzer Schwierigkeiten haben, etwas zu tun.#SXSW",iPhone,Negative emotion,0
6919,"Ich freue mich auf den Tag, an dem @mention und @mention native Android 3.0-Tablet-optimierte Kunden veröffentlichen!Google Latitude ist scheiße!#SXSW",Other Google product or service,Negative emotion,0
6925,Sowohl Microsoft als auch Google rissen uns auch ab {link} :( @mention a joomla! Wannabe -Logo #sxsw {link},Google,Negative emotion,0
6940,"Ja!!!Ein weiteres Google -Produkt, das noch nicht für Google -Apps verfügbar ist: Google Hotpot.#SXSW",Other Google product or service,Negative emotion,0
6941,"""Kein anderer Grund für das fortgesetzte Überleben von Apple als die Existenz Gottes"" ""- @mention #Echantment #sxsw #sxswi",Apple,Negative emotion,0
6947,"Twitter, du hast mich zum letzten Mal versagt * Force Chokes iPhone * #SXSW",iPhone,Negative emotion,0
6974,Aber bleiben Ihre Telefone aufgeladen?Mein beschissener #iphone würde niemals #SXSW verarbeiten!Rt @mention @mention @mention no Sleep CrazyFest !!!!!!,iPhone,Negative emotion,0
6978,"Ein Teil des Journalismus ist die Unterstützung der Demokratie, ja?Informiert bevölkerungsreich, ja?Das iPad im Mittelpunkt unterstützt nicht, dass #NewsApps #sxSW",iPad,Negative emotion,0
6987,"Überprüfen Sie Kopfschmerzen mit iPad -Design (2 Tablets, rufen Sie am Morgen an).
{link} #sxsw #tapworthy #fb",,Negative emotion,0
7054,"Erreichte, wie Google Maps alle Bilder von JCPenney in Bilder von Macys oder trashigen Restakints umgeleitet hatte.Sie hatten keinen Kommentar #uosxsw #sxsw",Other Google product or service,Negative emotion,0
7078,Legen Sie das iPad Idiot ab!#SMCOMEDYFYEah #SXSW,iPad,Negative emotion,0
7103,"Ich habe gerade im Pop -up -Apple Store angehalten ..... lahm! Z!Komm schon Apfel, du kannst das Gewicht immer noch halbieren.#SXSW",Apple,Negative emotion,0
7109,"@mention Peter Cashmore auf dem iPad 2: Es ist nur eine geringfügige Verbesserung.Es lohnt sich nicht, es sei denn, Sie haben Geld zum Brennen.#SXSW",iPad,Negative emotion,0
7151,Der Pop-up-Apple Store scheint aus Pop-up-iPad2s mehr zu sein.#SXSW,Apple,Negative emotion,0
7178,"Offensichtlich hat Apple einen weiteren Tag für Tageslicht mit dem iPhone 4 Alarm.Ich muss auch daran denken, die Uhren meines Zimmers zu reparieren.Hoppla.#SXSW",iPhone,Negative emotion,0
7182,Warum der Apple Pop-up-Shop bei #SXSW saugt: {link},Apple,Negative emotion,0
7187,"Ughhh ... Apple Store Austin im Domain Rain aus 3G iPads in den ersten 25 Minuten, kurz bevor ich in #iPad2 #SXSW eintrat",Apple,Negative emotion,0
7194,"Alle LBS -Apps auf meinem iPhone denken, ich bin in Orlando :))!Ich glaube, ich habe 2 einchecken bei Disney vs #sxsw :))",iPad or iPhone App,Negative emotion,0
7199,"Besuchte Preso on Living Simply #100TC bei #SXSWI #SXSW und fühlte sich ein bisschen schuldig, sich Notizen zu einem neuen #IPAD zu machen",iPad,Negative emotion,0
7245,Apple ... & quot; Die basste faschistische Firma in Amerika & quot;Kara Swisher #sxsw,Apple,Negative emotion,0
7257,"Ist Twitter gebrochen?Oder ist es mein iPad.Ich kann dem SXSW -Hash momentan nicht folgen.Wow, das könnte mein nerdigster Tweet sein.#TMSXSW #SXSW.",iPad,Negative emotion,0
7260,"Okay, fair genug für neue Technologien, aber nicht auf Kosten von #SXSW ... es ist so viel besser als ein neues iPad ... {Link}",iPad,Negative emotion,0
7268,"Auf dem Weg zu Kopfschmerzen für iPad -Design (2 Tablets, am Morgen) #SXSW {Link}}",iPad,Negative emotion,0
7269,"Das Design für iPad ist wie eine Design 101 -Klasse.Wird jemand einen Vortrag halten und davon ausgehen, dass wir unsere vorherige Erfahrung #SXSW nicht alle ausgelöst haben",Other Apple product or service,Negative emotion,0
7279,Ich kann diese iPad 2 Nutter auch jetzt auch ipadieren hören.So ist das Leben im Techno -Hipster -Mekka.#SXSW,iPad,Negative emotion,0
7288,"Apps lenken Pubs ab, Sez Khoi Vinh.Anstatt sich auf Leser -Exp zu konzentrieren, liefern sie den gleichen Inhalt 3 Wege.#Sxsw {link}",,Negative emotion,0
7293,"Wie frustrierend ist es, dass Zeldman auf dem iPhone Autokorkte für Zelda automatisiert?#JZSXSW #SXSW",iPhone,Negative emotion,0
7302,Google Circles ist (nicht) eine echte Sache und wird heute unter #SXSW {link} gestartet werden,Other Google product or service,Negative emotion,0
7354,"""Es gibt keine andere Erklärung für das fortgesetzte Überleben von Apple als die Existenz Gottes"" ""#Guykawasaki #sxsw",Apple,Negative emotion,0
7365,"""Es gibt einen Grund, warum Google nicht in sozialer Weise nicht sozial ist - sie sind zu technisch.""#SXSW #COMMENTS",Google,Negative emotion,0
7368,"Genug bereits .... ���@erwähne Google, um ein neues neues soziales Netzwerk namens Circles zu starten, möglicherweise heute {link} #sxsw� ۝",,Negative emotion,0
7370,@mention wirklich enttäuscht von der iPad -App - Viele Fehlermeldungen müssen für den Rest von #SXSW auf Tweet Deck wechseln,iPad or iPhone App,Negative emotion,0
7385,Landwirte bevorzugen Brombeeren gegenüber iPhones und Andriod -Geräten.Haltbarer?Anti-Apple-Gefühle?#MobileFarm #SXSW,iPhone,Negative emotion,0
7387,"Schreckliche, unterdrückte Erinnerungen an den Apfel, der sich am Strandball dreht, der im #ProgressBar Talk zurückkommt.#SXSW",Apple,Negative emotion,0
7391,"@mention ist respektvoll über das iPhone nicht einverstanden.Die Akkulaufzeit ist ein Problem und es ist nicht so allgegenwärtig, wie es scheint.#Project314 #SXSW",iPhone,Negative emotion,0
7397,#SXSW probierte 2 Tage mit iPad mit MacBook Pro.Das Experiment ist vorbei.Ich liebe eine echte Tastatur.,iPad,Negative emotion,0
7400,Google (erneut versucht) ein neues soziales Netzwerk namens Kreise zu starten: {Link} #sxsw @mention #310409H2011,,Negative emotion,0
7419,Fehlalarm: Google Circles kommen jetzt nicht und wahrscheinlich nie?- {link} #google #circles #social #sxsw,,Negative emotion,0
7426,"iPad 2 verwandelt sich in eine riesige Kamera aus, sieht einfach dumm aus",iPad,Negative emotion,0
7441,Warum ist #GroupMe in Kanada für iPhone -Benutzer nicht verfügbar?#SXSW - würde es gerne überprüfen.,iPad or iPhone App,Negative emotion,0
7486,"Oder Droid RT @mention wurde die Spontanität im Leben durch Technologie ersetzt?Wenn Ihr iPhone -Akku stirbt, gehen Sie nach Hause.Toll ?#SXSW",iPhone,Negative emotion,0
7517,"Werde ich #SXSW überleben, wird nur 1,6 Gigs Platz auf meinem iPhone übrig?Wir werden sehen.",iPhone,Negative emotion,0
7526,Vermutlich wollte jeder iPad -Apps für seine Mutter #SXSW entwerfen,iPad or iPhone App,Negative emotion,0
7554,"Steve Jobs positioniert das iPhone nicht als ein in China hergestelltes Gerät, in dem Selbstmordraten hoch sind. Er verkauft Träume #kawasaki #thissidare #sxsw",iPhone,Negative emotion,0
7564,"""Dieses Google/Bing Q & amp; Ein Panel ist wie die weltweit teuerste SEO -Beratung.""-@erwähnt #sxsw",Google,Negative emotion,0
7569,"Google war nicht in der Lage, disruptive Innovationen durchzuführen, und erwarb in den letzten Jahren 89 Startups @mention #LeanStartup #SXSW",Google,Negative emotion,0
7571,"Das iPhone meines Freundes wechselte eine Stunde statt nach vorne zurück.Es ist at & amp; t.Irgendwelche Hinweise darauf, wie man es behebt?!#SXSW #iphone #Help",iPhone,Negative emotion,0
7572,"iPhone GPS ist durcheinander.Ich denke, ich bin in Yonkers.Fast so gut wie #sxsw.{Verknüpfung}",iPhone,Negative emotion,0
7609,"#SXSW macht der Welt wirklich Google Circles, FB wird es irgendwann implementieren",Other Google product or service,Negative emotion,0
7645,"Hey Marissa Mayer.Bitte sagen Sie uns etwas Neues.Nicht über Produkte, die Google vor Monaten eingeführt hat.#SXSW",Google,Negative emotion,0
7664,Hat noch jemand Probleme mit Google Mail und nutzt Google Services?#SXSW.,Google,Negative emotion,0
7665,"Hat noch jemand Probleme, Ihren Zeitplan mit der Android SXSW Go -App zu synchronisieren?#SXSW",Android App,Negative emotion,0
7671,"Jeder andere, der ein iPhone erhielt, konnte das Zelldatennetzwerk nicht aktivieren.Fehlermeldung?Ist dies eine Warnung vor den kommenden Dingen #SXSW?",iPhone,Negative emotion,0
7703,@mention sollte: Wenn Sie kein iPad erhalten haben 1. sollte nicht: iPad2 3G 64 GB + Cover + $ 100 = MacBook Air.#SXSW,iPad,Negative emotion,0
7706,"�� �Die die klassistischste faschistische Firma, die existieren « - Kara Swisher #sxsw #Apple",Apple,Negative emotion,0
7744,"Verbringen Sie heute Morgen einige Zeit damit, mein Android -Telefon zurückzusetzen.Der erste Tag von #SXSW war zu viel dafür.",Android,Negative emotion,0
7746,"Ich habe gerade gesehen, wie jemand zum ersten Mal ein Foto mit einem iPad 2 gemacht hat.Sieht so lächerlich aus, wie Sie es erwarten würden.#SXSW #Sightings",iPad,Negative emotion,0
7748,"Jede Person, die ich mit einem iPad sehe",iPad,Negative emotion,0
7763,Was für eine Enttäuschung !!!RT @mention New #ubersocial für #iphone Now im App Store enthält Uberguide zu #SXSW gesponsert von (cont��_,iPad or iPhone App,Negative emotion,0
7764,Google kann möglicherweise einen Social -Media -Dienst starten - erneut ... #sxsw {link},Other Google product or service,Negative emotion,0
7778,"Google hat seinen Weg verloren, indem er sich zu viel für das Geschäft im Vergleich zu den Benutzern kümmerte - @mention #psych #sxsw",Google,Negative emotion,0
7786,"#SXSW: Fehler gemachtes Erstellen @mention für iPhone (plus, wie man seinen Quellcode sieht!) {Link}",iPhone,Negative emotion,0
7788,"#SXSW: Fehler gemachtes Erstellen von Netflix für iPhone (plus, wie man seinen Quellcode sieht!) {Link} über @mention",iPad or iPhone App,Negative emotion,0
7795,"Gestern eröffnet.Zeile zu lange, um zu warten, um nur zu schauen.#SXSW #SXSWI @mention Apple Store, SXSW {Link}",Apple,Negative emotion,0
7831,Dennoch war der #SXSW #IPad Pop-up-Laden fehlerfrei.RT @mention Apple iPad 2 Start: Schlechte Planung des Teils von Apple ۪ {Link},Apple,Negative emotion,0
7832,"Massive #SXSW ausgeht nicht, dass #iPad2 @mention einen halb voll geparkten vorne haben sollen!#justsayin {link}",,Negative emotion,0
7836,"Ich denke, #SXSW hat es auf sich genommen, um mir klar zu machen, dass ein Gen 1 iPhone es nicht mehr schneiden wird.",,Negative emotion,0
7914,"Meine bisher größte Frustration mit #SXSW ist, dass niemand dort aussieht, wo sie sich an das iPhone geklebt haben.",iPhone,Negative emotion,0
7935,Ist es nur ich oder hat der @mention -Client für Android in letzter Zeit wirklich fehlerhaft geworden?#SXSW schuld?,Android,Negative emotion,0
7939,"Ab, um mein Abzeichen zu bekommen.Dann, um Essen und Trinken zu finden.Dann finden Sie heraus, warum mein iPhone @mention bei #SXSW nicht streift.Dann auspacken.Prioritäten",iPhone,Negative emotion,0
7965,"Beweis, dass das iPad 2 Sie in einen Douchebag #sxsw {link} verwandelt",iPad,Negative emotion,0
7966,"Betrachten Sie die Linie für den Pop -up #SXSW Apple Store ... Ich kann mir kein einzelnes Objekt vorstellen, das ich so viel möchte.",Apple,Negative emotion,0
7979,"Ich muss noch in einen Konferenzraum betreten, in dem es nicht wie eine Apple -Anzeige aussieht.Sie würden denken, es gab nichts anderes.#SXSW",Apple,Negative emotion,0
8015,"Ich habe versucht, @mention auf meinem iPhone zu installieren, aber es stürzt jedes Mal ab, wenn ich es öffne.#SXSW",iPad or iPhone App,Negative emotion,0
8024,"Ich habe gerade ""iPad -Design Kopfschmerzen"" gesehen.bei #sxsw.Knöpfe sind ein Hack.#tapworthy",iPad,Negative emotion,0
8031,"Nicht auf das iPad zu hassen, aber Flotten von Nerds, die mit iPads bewaffnet sind, die durch Menschenmengen navigieren",iPad,Negative emotion,0
8053,"Also, #Twitter für das iPhone: Wie auch immer, Hashtags zu entfernen/zu verbrennen?EG #SXSW?V V gelangweilt schon, schon",iPhone,Negative emotion,0
8081,Löschen der #SXSW iPhone App!{Verknüpfung},iPad or iPhone App,Negative emotion,0
8087,@mention Der Apple #sxsw #PopupStore ist wie ein Crack House für Mac -Süchtige,Apple,Negative emotion,0
8091,Apple ist das klassische Facist -Unternehmen in Amerika.- Kara Swisher #sxsw,Apple,Negative emotion,0
8123,"Oh, keine andere Möglichkeit, Scheiße im Internet zu sprechen, um ein großes neues soziales Netzwerk namens Circles HEUTE zu starten {link} #sxsw",,Negative emotion,0
8129,@mention sind Journalisten.Sie haben einfach ihr gesamtes Geld für #SXSW -Pässe ausgegeben.Wer kann sich Google TV leisten?,Google,Negative emotion,0
8146,"Ich habe gerade bemerkt, dass DST dieses Wochenende kommt.Wie viele iPhone -Nutzer werden am Sonntagmorgen eine Stunde später bei SXSW sein?#SXSW #iphone",iPhone,Negative emotion,0
8241,"Google Hotpot - ""nicht so gut wie andere Dienste, aber wir werden es Ihnen sowieso erzwingen.""#SXSW",Other Google product or service,Negative emotion,0
8263,"Perfekte Liebe zum Detail RT @mention Google hat den Code für Pac-Man für ihre Doodle nachgebildet, einschließlich Originalfehler.#SXSW #googledoodles",Google,Negative emotion,0
8267,Der iPhone -Akku geht schnell.Guy hinter mir ließ mich sein tragbares Ladegerät ausleihen.Ich will eins!{link} #sxsw,iPhone,Negative emotion,0
8298,wow du saugst {link} iPad #sxsw Rebecca schwarz #fab5,iPad,Negative emotion,0
8323,"Wir sind so undankbar, dass wir zu viel Scheiße haben, mit denen wir spielen können.Schalten Sie also ab und zu etwas von Ihrer Scheiße (iPhone) aus.#SXSW",iPhone,Negative emotion,0
8343,"Schlechtes Nachrichten-Update: Der Popup Apple Store hat keine iPads mehr!Ich bin mir nicht sicher, ob sie bis morgen mehr haben werden.#SXSW",,Negative emotion,0
8359,"Nur weil Google etwas patentiert hat, d. H. Das Alter der Domäne im Rankingsalgorithmus) bedeutet nicht, dass sie es verwenden #qagb #sxsw",,Negative emotion,0
8404,"Wenn Sie ein iPad haben, das noch nicht auf das neueste iOS upgradiert, ist TweetDeck sehr instabil #Nten #11ntc #sxsw #sxswi",iPad,Negative emotion,0
8409,"Sie müssen 4-5 Wochen auf ein iPad 2 warten, aber nicht auf dem Popup #APLETXDT!Sendungen täglich (über @mention #sxsw",iPad,Negative emotion,0
8445,Protip: Vermeiden Sie die Apple Stores von Austin Apfel am Freitag #sxsw,Apple,Negative emotion,0
8446,Tante's Voxpop von beliebten #SXSW -Apps ist eine Uhr wert: {link} Nicht viele Android -Telefone.,Android,Negative emotion,0
8454,"Kennen Sie nicht 1 Benutzer RT @mention, der Google TV in diesem Raum verwendet?Niemand erhöht eine Hand in einem verpackten Raum bei der #SocialViewing -Sitzung bei #SXSW",Other Google product or service,Negative emotion,0
8463,"Sehr geehrte #SXSW -Besucher ... Bitte schauen Sie aus Ihrem verdammten iPhone auf, wenn Sie durch die Hallen gehen.Danke Hipster.Urkomisch!",iPhone,Negative emotion,0
8464,"Dieses #SXSW Ich bin dankbar für: Mein Fahrrad, eine Back-up-Twitter-App.Fluchen: Verlust einer Stunde Zzzs, iPhone Akkulaufzeit.",iPhone,Negative emotion,0
8466,"Sehr geehrte #SXSW iPhone App: Sie saugen dieses Jahr wieder!(Sitby.us ist großartig, beinhaltet aber keine Filmsitzungen)",iPad or iPhone App,Negative emotion,0
8499,"Wenn es in Austin ein Popup -Geschäft gäbe, das nichts als iPhone Battery Extenders verkaufte, würde dies so viel Geld verdienen.#SXSW",iPhone,Negative emotion,0
8577,Hmmm ... Taxi -Magie auf dem iPhone scheint in Austin #SXSW nicht mehr so magisch zu sein,iPad or iPhone App,Negative emotion,0
8603,"Google Guy von #sxsw Talk erklärt, wie er realistische Twitter -Bots als Experiment gemacht hat.Gee, danke, dass du das gemacht hast.",,Negative emotion,0
8611,"Ich denke, mein Effing Ehemann steht für ein #IPAD 2 in der Schlange. Kann von jemandem in die Line-up für Frau Nummer 2 hinweisen?#SXSWI #SXSW",iPad,Negative emotion,0
8638,"Ich bin mir ziemlich sicher, dass der Diskussionsteilnehmer, der denkt ""Apple, in ihrem Erfolg ertrunken"".ist verdammt verrückt.#SXSW",Apple,Negative emotion,0
8672,"Hey, macht jemand #sxsw, der sich für die Gruppen -SMS -App GroupMe anmeldet?Ich habe es auf meinem iPhone bekommen, aber sonst ist niemand dabei, also ... irgendwie nutzlos.",,Negative emotion,0
8709,"Laut Diller könnte Google TV & quot von der PlayStation und der Xbox übergeführt werden, die heute im Wesentlichen bereit sind. & Quot;#SXSW #diller",Other Google product or service,Negative emotion,0
